Model,Price
Lava Louças 14 Serviços Ll14x Inox Electrolux 220V,R$4.413
Lava-louças Electrolux 14 Serviços Preta (ll14p) 220V,R$4.598
Lava-louças Electrolux 14 Serviços Preta (ll14p) 127V,R$4.598
Lava Louças Electrolux 14 Serviços Branca Com Função Higieni,R$4.399
Lava-louças Electrolux 14 Serviços Pro Series (lp14v) Cor Preto 220V,R$9.399
Lava-louças Brastemp BLF14 de 14 serviços branca 127V,R$4.356
Lava-louças Electrolux 14 Serviços Ll14x 220v 24601tbc289 Cor Cinza,R$5.138
Lava-louças Electrolux Pro Series LP14V de 14 serviços preta 127V,R$9.399
Lava-louças Electrolux 14 Serviços Preta (ll14p),R$4.399
Lava Louça Ll14x 220 Electrolux,R$4.588
Lava-louças Electrolux 14 Serviços Pro Series (lp14v),R$9.399
Lava Louças Electrolux 14 Serviços Experience Preto 220v,R$4.399
Lava-louças Electrolux 14 Serviços Função Higienizar Compras,R$11.314
Lava Louças Electrolux 14 Serviços Painel Touch Inox 220v,R$11.314
Lava-louças Electrolux Pro Series Painel Dig Preta - Lp14v,R$10.690
Lava-louças Inox 14 Serviços 7 Programas  Pré-lavar 220v,R$11.314
"Lava-louças Electrolux Com A Porta Inox, 14 Serviços, 07 Pro",R$5.138
"Lava-louças Electrolux Pro Series Com 14 Serviços, 11 Progra",R$10.398
Lava Louças 14 Serviços Branca 85x45x64cm 220v - Brastemp,R$5.999
Lava-louças Electrolux Inox Função Higienizar 14 Programas,R$11.314
Lava-louças Electrolux 14 Serviços Inox C/ Função Higienizar,R$11.319
Lava-louças De Piso Electrolux Com 14 Serviços Inox 220v,R$11.319
Lava Louças Electrolux 14 Serviços Experience Preto 220v,R$4.399
Lava Louças Electrolux 14 Serviços Branca Com Função Higieni,R$4.399
Lava Louças 14 Serviços Ll14x Inox Electrolux 110V,R$5.049
Lava-louças Electrolux Pro Series Lp14v 14 Serviços Preta,R$7.999
Lava Louças Electrolux 14 Serviços Experience Preto 127v ,R$4.399
 Midea DWA14b2 lava-louças 14 serviços branca 220v cor branco,R$2.989
Lava Louças Midea 14 Serviços Preta Voltagem 220v,R$3.049
Lava-louças Electrolux 14 Serviços Inox Com Função Higieniza,R$5.049
Lava-louças Electrolux 14 Serviços Pro Series(lp14v) 110/220,R$7.499
Lava-louças 14 Serviços Pro Series Electrolux (lp14v) - ,R$6.999
Cj Placa Potencia/interf Ll14p A09970701 Pnc 946521388-00,R$780
Lava Louças 14 Serviços Midea Cor Branca,R$3.049
Lava Louças Philco Pll14id Digital 14 Serviços Cor Única 220V,R$3.299
Lava Louças 14 Serviços Black Digital 127v - Electrolux,R$6.899
Lava Louças 14 Serviços Branca 85x45x64cm 127v - Brastemp,R$5.999
Lava Louças Midea 14 Serviços Pré Lavagem Cinza Dwa14s2 22 220V,R$4.197
Lava-louças Eos 14 Serviços Prata Ell14s 220v,R$3.609
Lava-louças Electrolux Pro Series Lp14v De 14 Serviços 127v,R$7.199
Lava Louças Digital 14 Serviços 84x61x60cm 127v - Electrolux,R$6.599
Lava-louças Samsung Com 14 Serviços Inox (220v),R$4.559
Lava-louças Samsung com 14 serviços Black Inox (220V),R$4.508
Lava Louças Electrolux 14 Serviços Ll14x 24601tbc189 110v,R$5.549
Lava Louças Eos 14 Serviços Ell14s Inox Prata 220v,R$4.550
Lava-louças Preto Panasonic - Np-6m1mbkbrp 220V,R$4.454
Lava-louças Panasonic 15 Serviços E Design Premium Preta - N,R$4.899
Lavadora De Louças Midea 14 Serviços Cinza Dwa14s1.dwa14s2,R$3.574
Lava Louças Electrolux 14 Serviços Experience Preto 127v ,R$4.198
Lava Louças Midea 14 Serviços Branca,R$3.049
Lava Louças 14 Serviços Ll14x Inox Electrolux 220V,R$4.413
Lava-louças Electrolux 14 Serviços Preta (ll14p) 220V,R$4.598
Lava-louças Electrolux 14 Serviços Preta (ll14p) 127V,R$4.598
Lava Louças Electrolux 14 Serviços Branca Com Função Higieni,R$4.399
Lava-louças Electrolux 14 Serviços Pro Series (lp14v) Cor Preto 220V,R$9.399
Lava-louças Brastemp BLF14 de 14 serviços branca 127V,R$4.356
Lava-louças Electrolux 14 Serviços Ll14x 220v 24601tbc289 Cor Cinza,R$5.138
Lava-louças Electrolux Pro Series LP14V de 14 serviços preta 127V,R$9.399
Lava-louças Electrolux 14 Serviços Preta (ll14p),R$4.399
Lava Louça Ll14x 220 Electrolux,R$4.588
Lava-louças Electrolux 14 Serviços Pro Series (lp14v),R$9.399
Lava Louças Electrolux 14 Serviços Experience Preto 220v,R$4.399
Lava-louças Electrolux 14 Serviços Função Higienizar Compras,R$11.314
Lava Louças Electrolux 14 Serviços Painel Touch Inox 220v,R$11.314
Lava-louças Electrolux Pro Series Painel Dig Preta - Lp14v,R$10.690
Lava-louças Inox 14 Serviços 7 Programas  Pré-lavar 220v,R$11.314
"Lava-louças Electrolux Com A Porta Inox, 14 Serviços, 07 Pro",R$5.138
"Lava-louças Electrolux Pro Series Com 14 Serviços, 11 Progra",R$10.398
Lava Louças 14 Serviços Branca 85x45x64cm 220v - Brastemp,R$5.999
Lava-louças Electrolux Inox Função Higienizar 14 Programas,R$11.314
Lava-louças Electrolux 14 Serviços Inox C/ Função Higienizar,R$11.319
Lava-louças De Piso Electrolux Com 14 Serviços Inox 220v,R$11.319
Lava Louças Electrolux 14 Serviços Experience Preto 220v,R$4.399
Lava Louças Electrolux 14 Serviços Branca Com Função Higieni,R$4.399
Lava Louças 14 Serviços Ll14x Inox Electrolux 110V,R$5.049
Lava-louças Electrolux Pro Series Lp14v 14 Serviços Preta,R$7.999
Lava Louças Electrolux 14 Serviços Experience Preto 127v ,R$4.399
 Midea DWA14b2 lava-louças 14 serviços branca 220v cor branco,R$2.989
Lava Louças Midea 14 Serviços Preta Voltagem 220v,R$3.049
Lava-louças Electrolux 14 Serviços Inox Com Função Higieniza,R$5.049
Lava-louças Electrolux 14 Serviços Pro Series(lp14v) 110/220,R$7.499
Lava-louças 14 Serviços Pro Series Electrolux (lp14v) - ,R$6.999
Cj Placa Potencia/interf Ll14p A09970701 Pnc 946521388-00,R$780
Lava Louças 14 Serviços Midea Cor Branca,R$3.049
Lava Louças Philco Pll14id Digital 14 Serviços Cor Única 220V,R$3.299
Lava Louças 14 Serviços Black Digital 127v - Electrolux,R$6.899
Lava Louças 14 Serviços Branca 85x45x64cm 127v - Brastemp,R$5.999
Lava Louças Midea 14 Serviços Pré Lavagem Cinza Dwa14s2 22 220V,R$4.197
Lava-louças Eos 14 Serviços Prata Ell14s 220v,R$3.609
Lava-louças Electrolux Pro Series Lp14v De 14 Serviços 127v,R$7.199
Lava Louças Digital 14 Serviços 84x61x60cm 127v - Electrolux,R$6.599
Lava-louças Samsung Com 14 Serviços Inox (220v),R$4.559
Lava-louças Samsung com 14 serviços Black Inox (220V),R$4.508
Lava Louças Electrolux 14 Serviços Ll14x 24601tbc189 110v,R$5.549
Lava Louças Eos 14 Serviços Ell14s Inox Prata 220v,R$4.550
Lava-louças Preto Panasonic - Np-6m1mbkbrp 220V,R$4.454
Lava-louças Panasonic 15 Serviços E Design Premium Preta - N,R$4.899
Lavadora De Louças Midea 14 Serviços Cinza Dwa14s1.dwa14s2,R$3.574
Lava Louças Electrolux 14 Serviços Experience Preto 127v ,R$4.198
Lava Louças Midea 14 Serviços Branca,R$3.049
Lava Louças 14 Serviços Ll14x Inox Electrolux 220V,R$4.413
Lava-louças Electrolux 14 Serviços Preta (ll14p) 220V,R$4.598
Lava-louças Electrolux 14 Serviços Preta (ll14p) 127V,R$4.598
Lava Louças Electrolux 14 Serviços Branca Com Função Higieni,R$4.399
Lava-louças Electrolux 14 Serviços Pro Series (lp14v) Cor Preto 220V,R$9.399
Lava-louças Brastemp BLF14 de 14 serviços branca 127V,R$4.356
Lava-louças Electrolux 14 Serviços Ll14x 220v 24601tbc289 Cor Cinza,R$5.138
Lava-louças Electrolux Pro Series LP14V de 14 serviços preta 127V,R$9.399
Lava-louças Electrolux 14 Serviços Preta (ll14p),R$4.399
Lava Louça Ll14x 220 Electrolux,R$4.588
Lava-louças Electrolux 14 Serviços Pro Series (lp14v),R$9.399
Lava Louças Electrolux 14 Serviços Experience Preto 220v,R$4.399
Lava-louças Electrolux 14 Serviços Função Higienizar Compras,R$11.314
Lava Louças Electrolux 14 Serviços Painel Touch Inox 220v,R$11.314
Lava-louças Electrolux Pro Series Painel Dig Preta - Lp14v,R$10.690
Lava-louças Inox 14 Serviços 7 Programas  Pré-lavar 220v,R$11.314
"Lava-louças Electrolux Com A Porta Inox, 14 Serviços, 07 Pro",R$5.138
"Lava-louças Electrolux Pro Series Com 14 Serviços, 11 Progra",R$10.398
Lava Louças 14 Serviços Branca 85x45x64cm 220v - Brastemp,R$5.999
Lava-louças Electrolux Inox Função Higienizar 14 Programas,R$11.314
Lava-louças Electrolux 14 Serviços Inox C/ Função Higienizar,R$11.319
Lava-louças De Piso Electrolux Com 14 Serviços Inox 220v,R$11.319
Lava Louças Electrolux 14 Serviços Experience Preto 220v,R$4.399
Lava Louças Electrolux 14 Serviços Branca Com Função Higieni,R$4.399
Lava Louças 14 Serviços Ll14x Inox Electrolux 110V,R$5.049
Lava-louças Electrolux Pro Series Lp14v 14 Serviços Preta,R$7.999
Lava Louças Electrolux 14 Serviços Experience Preto 127v ,R$4.399
 Midea DWA14b2 lava-louças 14 serviços branca 220v cor branco,R$2.989
Lava Louças Midea 14 Serviços Preta Voltagem 220v,R$3.049
Lava-louças Electrolux 14 Serviços Inox Com Função Higieniza,R$5.049
Lava-louças Electrolux 14 Serviços Pro Series(lp14v) 110/220,R$7.499
Lava-louças 14 Serviços Pro Series Electrolux (lp14v) - ,R$6.999
Cj Placa Potencia/interf Ll14p A09970701 Pnc 946521388-00,R$780
Lava Louças 14 Serviços Midea Cor Branca,R$3.049
Lava Louças Philco Pll14id Digital 14 Serviços Cor Única 220V,R$3.299
Lava Louças 14 Serviços Black Digital 127v - Electrolux,R$6.899
Lava Louças 14 Serviços Branca 85x45x64cm 127v - Brastemp,R$5.999
Lava Louças Midea 14 Serviços Pré Lavagem Cinza Dwa14s2 22 220V,R$4.197
Lava-louças Eos 14 Serviços Prata Ell14s 220v,R$3.609
Lava-louças Electrolux Pro Series Lp14v De 14 Serviços 127v,R$7.199
Lava Louças Digital 14 Serviços 84x61x60cm 127v - Electrolux,R$6.599
Lava-louças Samsung Com 14 Serviços Inox (220v),R$4.559
Lava-louças Samsung com 14 serviços Black Inox (220V),R$4.508
Lava Louças Electrolux 14 Serviços Ll14x 24601tbc189 110v,R$5.549
Lava Louças Eos 14 Serviços Ell14s Inox Prata 220v,R$4.550
Lava-louças Preto Panasonic - Np-6m1mbkbrp 220V,R$4.454
Lava-louças Panasonic 15 Serviços E Design Premium Preta - N,R$4.899
Lavadora De Louças Midea 14 Serviços Cinza Dwa14s1.dwa14s2,R$3.574
Lava Louças Electrolux 14 Serviços Experience Preto 127v ,R$4.198
Lava Louças Midea 14 Serviços Branca,R$3.049
Lava Louças 14 Serviços Ll14x Inox Electrolux 220V,R$4.413
Lava-louças Electrolux 14 Serviços Preta (ll14p) 220V,R$4.598
Lava-louças Electrolux 14 Serviços Preta (ll14p) 127V,R$4.598
Lava Louças Electrolux 14 Serviços Branca Com Função Higieni,R$4.399
Lava-louças Electrolux 14 Serviços Pro Series (lp14v) Cor Preto 220V,R$9.399
Lava-louças Brastemp BLF14 de 14 serviços branca 127V,R$4.356
Lava-louças Electrolux 14 Serviços Ll14x 220v 24601tbc289 Cor Cinza,R$5.138
Lava-louças Electrolux Pro Series LP14V de 14 serviços preta 127V,R$9.399
Lava-louças Electrolux 14 Serviços Preta (ll14p),R$4.399
Lava Louça Ll14x 220 Electrolux,R$4.588
Lava-louças Electrolux 14 Serviços Pro Series (lp14v),R$9.399
Lava Louças Electrolux 14 Serviços Experience Preto 220v,R$4.399
Lava-louças Electrolux 14 Serviços Função Higienizar Compras,R$11.314
Lava Louças Electrolux 14 Serviços Painel Touch Inox 220v,R$11.314
Lava-louças Electrolux Pro Series Painel Dig Preta - Lp14v,R$10.690
Lava-louças Inox 14 Serviços 7 Programas  Pré-lavar 220v,R$11.314
"Lava-louças Electrolux Com A Porta Inox, 14 Serviços, 07 Pro",R$5.138
"Lava-louças Electrolux Pro Series Com 14 Serviços, 11 Progra",R$10.398
Lava Louças 14 Serviços Branca 85x45x64cm 220v - Brastemp,R$5.999
Lava-louças Electrolux Inox Função Higienizar 14 Programas,R$11.314
Lava-louças Electrolux 14 Serviços Inox C/ Função Higienizar,R$11.319
Lava-louças De Piso Electrolux Com 14 Serviços Inox 220v,R$11.319
Lava Louças Electrolux 14 Serviços Experience Preto 220v,R$4.399
Lava Louças Electrolux 14 Serviços Branca Com Função Higieni,R$4.399
Lava Louças 14 Serviços Ll14x Inox Electrolux 110V,R$5.049
Lava-louças Electrolux Pro Series Lp14v 14 Serviços Preta,R$7.999
Lava Louças Electrolux 14 Serviços Experience Preto 127v ,R$4.399
 Midea DWA14b2 lava-louças 14 serviços branca 220v cor branco,R$2.989
Lava Louças Midea 14 Serviços Preta Voltagem 220v,R$3.049
Lava-louças Electrolux 14 Serviços Inox Com Função Higieniza,R$5.049
Lava-louças Electrolux 14 Serviços Pro Series(lp14v) 110/220,R$7.499
Lava-louças 14 Serviços Pro Series Electrolux (lp14v) - ,R$6.999
Cj Placa Potencia/interf Ll14p A09970701 Pnc 946521388-00,R$780
Lava Louças 14 Serviços Midea Cor Branca,R$3.049
Lava Louças Philco Pll14id Digital 14 Serviços Cor Única 220V,R$3.299
Lava Louças 14 Serviços Black Digital 127v - Electrolux,R$6.899
Lava Louças 14 Serviços Branca 85x45x64cm 127v - Brastemp,R$5.999
Lava Louças Midea 14 Serviços Pré Lavagem Cinza Dwa14s2 22 220V,R$4.197
Lava-louças Eos 14 Serviços Prata Ell14s 220v,R$3.609
Lava-louças Electrolux Pro Series Lp14v De 14 Serviços 127v,R$7.199
Lava Louças Digital 14 Serviços 84x61x60cm 127v - Electrolux,R$6.599
Lava-louças Samsung Com 14 Serviços Inox (220v),R$4.559
Lava-louças Samsung com 14 serviços Black Inox (220V),R$4.508
Lava Louças Electrolux 14 Serviços Ll14x 24601tbc189 110v,R$5.549
Lava Louças Eos 14 Serviços Ell14s Inox Prata 220v,R$4.550
Lava-louças Preto Panasonic - Np-6m1mbkbrp 220V,R$4.454
Lava-louças Panasonic 15 Serviços E Design Premium Preta - N,R$4.899
Lavadora De Louças Midea 14 Serviços Cinza Dwa14s1.dwa14s2,R$3.574
Lava Louças Electrolux 14 Serviços Experience Preto 127v ,R$4.198
Lava Louças Midea 14 Serviços Branca,R$3.049
Lava Louças 14 Serviços Ll14x Inox Electrolux 220V,R$4.413
Lava-louças Electrolux 14 Serviços Preta (ll14p) 220V,R$4.598
Lava-louças Electrolux 14 Serviços Preta (ll14p) 127V,R$4.598
Lava Louças Electrolux 14 Serviços Branca Com Função Higieni,R$4.399
Lava-louças Electrolux 14 Serviços Pro Series (lp14v) Cor Preto 220V,R$9.399
Lava-louças Brastemp BLF14 de 14 serviços branca 127V,R$4.356
Lava-louças Electrolux 14 Serviços Ll14x 220v 24601tbc289 Cor Cinza,R$5.138
Lava-louças Electrolux Pro Series LP14V de 14 serviços preta 127V,R$9.399
Lava-louças Electrolux 14 Serviços Preta (ll14p),R$4.399
Lava Louça Ll14x 220 Electrolux,R$4.588
Lava-louças Electrolux 14 Serviços Pro Series (lp14v),R$9.399
Lava Louças Electrolux 14 Serviços Experience Preto 220v,R$4.399
Lava-louças Electrolux 14 Serviços Função Higienizar Compras,R$11.314
Lava Louças Electrolux 14 Serviços Painel Touch Inox 220v,R$11.314
Lava-louças Electrolux Pro Series Painel Dig Preta - Lp14v,R$10.690
Lava-louças Inox 14 Serviços 7 Programas  Pré-lavar 220v,R$11.314
"Lava-louças Electrolux Com A Porta Inox, 14 Serviços, 07 Pro",R$5.138
"Lava-louças Electrolux Pro Series Com 14 Serviços, 11 Progra",R$10.398
Lava Louças 14 Serviços Branca 85x45x64cm 220v - Brastemp,R$5.999
Lava-louças Electrolux Inox Função Higienizar 14 Programas,R$11.314
Lava-louças Electrolux 14 Serviços Inox C/ Função Higienizar,R$11.319
Lava-louças De Piso Electrolux Com 14 Serviços Inox 220v,R$11.319
Lava Louças Electrolux 14 Serviços Experience Preto 220v,R$4.399
Lava Louças Electrolux 14 Serviços Branca Com Função Higieni,R$4.399
Lava Louças 14 Serviços Ll14x Inox Electrolux 110V,R$5.049
Lava-louças Electrolux Pro Series Lp14v 14 Serviços Preta,R$7.999
Lava Louças Electrolux 14 Serviços Experience Preto 127v ,R$4.399
 Midea DWA14b2 lava-louças 14 serviços branca 220v cor branco,R$2.989
Lava Louças Midea 14 Serviços Preta Voltagem 220v,R$3.049
Lava-louças Electrolux 14 Serviços Inox Com Função Higieniza,R$5.049
Lava-louças Electrolux 14 Serviços Pro Series(lp14v) 110/220,R$7.499
Lava-louças 14 Serviços Pro Series Electrolux (lp14v) - ,R$6.999
Cj Placa Potencia/interf Ll14p A09970701 Pnc 946521388-00,R$780
Lava Louças 14 Serviços Midea Cor Branca,R$3.049
Lava Louças Philco Pll14id Digital 14 Serviços Cor Única 220V,R$3.299
Lava Louças 14 Serviços Black Digital 127v - Electrolux,R$6.899
Lava Louças 14 Serviços Branca 85x45x64cm 127v - Brastemp,R$5.999
Lava Louças Midea 14 Serviços Pré Lavagem Cinza Dwa14s2 22 220V,R$4.197
Lava-louças Eos 14 Serviços Prata Ell14s 220v,R$3.609
Lava-louças Electrolux Pro Series Lp14v De 14 Serviços 127v,R$7.199
Lava Louças Digital 14 Serviços 84x61x60cm 127v - Electrolux,R$6.599
Lava-louças Samsung Com 14 Serviços Inox (220v),R$4.559
Lava-louças Samsung com 14 serviços Black Inox (220V),R$4.508
Lava Louças Electrolux 14 Serviços Ll14x 24601tbc189 110v,R$5.549
Lava Louças Eos 14 Serviços Ell14s Inox Prata 220v,R$4.550
Lava-louças Preto Panasonic - Np-6m1mbkbrp 220V,R$4.454
Lava-louças Panasonic 15 Serviços E Design Premium Preta - N,R$4.899
Lavadora De Louças Midea 14 Serviços Cinza Dwa14s1.dwa14s2,R$3.574
Lava Louças Electrolux 14 Serviços Experience Preto 127v ,R$4.198
Lava Louças Midea 14 Serviços Branca,R$3.049
Lava Louças 14 Serviços Ll14x Inox Electrolux 220V,R$4.413
Lava-louças Electrolux 14 Serviços Preta (ll14p) 220V,R$4.598
Lava-louças Electrolux 14 Serviços Preta (ll14p) 127V,R$4.598
Lava Louças Electrolux 14 Serviços Branca Com Função Higieni,R$4.399
Lava-louças Electrolux 14 Serviços Pro Series (lp14v) Cor Preto 220V,R$9.399
Lava-louças Brastemp BLF14 de 14 serviços branca 127V,R$4.356
Lava-louças Electrolux 14 Serviços Ll14x 220v 24601tbc289 Cor Cinza,R$5.138
Lava-louças Electrolux Pro Series LP14V de 14 serviços preta 127V,R$9.399
Lava-louças Electrolux 14 Serviços Preta (ll14p),R$4.399
Lava Louça Ll14x 220 Electrolux,R$4.588
Lava-louças Electrolux 14 Serviços Pro Series (lp14v),R$9.399
Lava Louças Electrolux 14 Serviços Experience Preto 220v,R$4.399
Lava-louças Electrolux 14 Serviços Função Higienizar Compras,R$11.314
Lava Louças Electrolux 14 Serviços Painel Touch Inox 220v,R$11.314
Lava-louças Electrolux Pro Series Painel Dig Preta - Lp14v,R$10.690
Lava-louças Inox 14 Serviços 7 Programas  Pré-lavar 220v,R$11.314
"Lava-louças Electrolux Com A Porta Inox, 14 Serviços, 07 Pro",R$5.138
"Lava-louças Electrolux Pro Series Com 14 Serviços, 11 Progra",R$10.398
Lava Louças 14 Serviços Branca 85x45x64cm 220v - Brastemp,R$5.999
Lava-louças Electrolux Inox Função Higienizar 14 Programas,R$11.314
Lava-louças Electrolux 14 Serviços Inox C/ Função Higienizar,R$11.319
Lava-louças De Piso Electrolux Com 14 Serviços Inox 220v,R$11.319
Lava Louças Electrolux 14 Serviços Experience Preto 220v,R$4.399
Lava Louças Electrolux 14 Serviços Branca Com Função Higieni,R$4.399
Lava Louças 14 Serviços Ll14x Inox Electrolux 110V,R$5.049
Lava-louças Electrolux Pro Series Lp14v 14 Serviços Preta,R$7.999
Lava Louças Electrolux 14 Serviços Experience Preto 127v ,R$4.399
 Midea DWA14b2 lava-louças 14 serviços branca 220v cor branco,R$2.989
Lava Louças Midea 14 Serviços Preta Voltagem 220v,R$3.049
Lava-louças Electrolux 14 Serviços Inox Com Função Higieniza,R$5.049
Lava-louças Electrolux 14 Serviços Pro Series(lp14v) 110/220,R$7.499
Lava-louças 14 Serviços Pro Series Electrolux (lp14v) - ,R$6.999
Cj Placa Potencia/interf Ll14p A09970701 Pnc 946521388-00,R$780
Lava Louças 14 Serviços Midea Cor Branca,R$3.049
Lava Louças Philco Pll14id Digital 14 Serviços Cor Única 220V,R$3.299
Lava Louças 14 Serviços Black Digital 127v - Electrolux,R$6.899
Lava Louças 14 Serviços Branca 85x45x64cm 127v - Brastemp,R$5.999
Lava Louças Midea 14 Serviços Pré Lavagem Cinza Dwa14s2 22 220V,R$4.197
Lava-louças Eos 14 Serviços Prata Ell14s 220v,R$3.609
Lava-louças Electrolux Pro Series Lp14v De 14 Serviços 127v,R$7.199
Lava Louças Digital 14 Serviços 84x61x60cm 127v - Electrolux,R$6.599
Lava-louças Samsung Com 14 Serviços Inox (220v),R$4.559
Lava-louças Samsung com 14 serviços Black Inox (220V),R$4.508
Lava Louças Electrolux 14 Serviços Ll14x 24601tbc189 110v,R$5.549
Lava Louças Eos 14 Serviços Ell14s Inox Prata 220v,R$4.550
Lava-louças Preto Panasonic - Np-6m1mbkbrp 220V,R$4.454
Lava-louças Panasonic 15 Serviços E Design Premium Preta - N,R$4.899
Lavadora De Louças Midea 14 Serviços Cinza Dwa14s1.dwa14s2,R$3.574
Lava Louças Electrolux 14 Serviços Experience Preto 127v ,R$4.198
Lava Louças Midea 14 Serviços Branca,R$3.049
Lava Louças 14 Serviços Ll14x Inox Electrolux 220V,R$4.413
Lava-louças Electrolux 14 Serviços Preta (ll14p) 220V,R$4.598
Lava-louças Electrolux 14 Serviços Preta (ll14p) 127V,R$4.598
Lava Louças Electrolux 14 Serviços Branca Com Função Higieni,R$4.399
Lava-louças Electrolux 14 Serviços Pro Series (lp14v) Cor Preto 220V,R$9.399
Lava-louças Brastemp BLF14 de 14 serviços branca 127V,R$4.356
Lava-louças Electrolux 14 Serviços Ll14x 220v 24601tbc289 Cor Cinza,R$5.138
Lava-louças Electrolux Pro Series LP14V de 14 serviços preta 127V,R$9.399
Lava-louças Electrolux 14 Serviços Preta (ll14p),R$4.399
Lava Louça Ll14x 220 Electrolux,R$4.588
Lava-louças Electrolux 14 Serviços Pro Series (lp14v),R$9.399
Lava Louças Electrolux 14 Serviços Experience Preto 220v,R$4.399
Lava-louças Electrolux 14 Serviços Função Higienizar Compras,R$11.314
Lava Louças Electrolux 14 Serviços Painel Touch Inox 220v,R$11.314
Lava-louças Electrolux Pro Series Painel Dig Preta - Lp14v,R$10.690
Lava-louças Inox 14 Serviços 7 Programas  Pré-lavar 220v,R$11.314
"Lava-louças Electrolux Com A Porta Inox, 14 Serviços, 07 Pro",R$5.138
"Lava-louças Electrolux Pro Series Com 14 Serviços, 11 Progra",R$10.398
Lava Louças 14 Serviços Branca 85x45x64cm 220v - Brastemp,R$5.999
Lava-louças Electrolux Inox Função Higienizar 14 Programas,R$11.314
Lava-louças Electrolux 14 Serviços Inox C/ Função Higienizar,R$11.319
Lava-louças De Piso Electrolux Com 14 Serviços Inox 220v,R$11.319
Lava Louças Electrolux 14 Serviços Experience Preto 220v,R$4.399
Lava Louças Electrolux 14 Serviços Branca Com Função Higieni,R$4.399
Lava Louças 14 Serviços Ll14x Inox Electrolux 110V,R$5.049
Lava-louças Electrolux Pro Series Lp14v 14 Serviços Preta,R$7.999
Lava Louças Electrolux 14 Serviços Experience Preto 127v ,R$4.399
 Midea DWA14b2 lava-louças 14 serviços branca 220v cor branco,R$2.989
Lava Louças Midea 14 Serviços Preta Voltagem 220v,R$3.049
Lava-louças Electrolux 14 Serviços Inox Com Função Higieniza,R$5.049
Lava-louças Electrolux 14 Serviços Pro Series(lp14v) 110/220,R$7.499
Lava-louças 14 Serviços Pro Series Electrolux (lp14v) - ,R$6.999
Cj Placa Potencia/interf Ll14p A09970701 Pnc 946521388-00,R$780
Lava Louças 14 Serviços Midea Cor Branca,R$3.049
Lava Louças Philco Pll14id Digital 14 Serviços Cor Única 220V,R$3.299
Lava Louças 14 Serviços Black Digital 127v - Electrolux,R$6.899
Lava Louças 14 Serviços Branca 85x45x64cm 127v - Brastemp,R$5.999
Lava Louças Midea 14 Serviços Pré Lavagem Cinza Dwa14s2 22 220V,R$4.197
Lava-louças Eos 14 Serviços Prata Ell14s 220v,R$3.609
Lava-louças Electrolux Pro Series Lp14v De 14 Serviços 127v,R$7.199
Lava Louças Digital 14 Serviços 84x61x60cm 127v - Electrolux,R$6.599
Lava-louças Samsung Com 14 Serviços Inox (220v),R$4.559
Lava-louças Samsung com 14 serviços Black Inox (220V),R$4.508
Lava Louças Electrolux 14 Serviços Ll14x 24601tbc189 110v,R$5.549
Lava Louças Eos 14 Serviços Ell14s Inox Prata 220v,R$4.550
Lava-louças Preto Panasonic - Np-6m1mbkbrp 220V,R$4.454
Lava-louças Panasonic 15 Serviços E Design Premium Preta - N,R$4.899
Lavadora De Louças Midea 14 Serviços Cinza Dwa14s1.dwa14s2,R$3.574
Lava Louças Electrolux 14 Serviços Experience Preto 127v ,R$4.198
Lava Louças Midea 14 Serviços Branca,R$3.049
Lava Louças 14 Serviços Ll14x Inox Electrolux 220V,R$4.413
Lava-louças Electrolux 14 Serviços Preta (ll14p) 220V,R$4.598
Lava-louças Electrolux 14 Serviços Preta (ll14p) 127V,R$4.598
Lava Louças Electrolux 14 Serviços Branca Com Função Higieni,R$4.399
Lava-louças Electrolux 14 Serviços Pro Series (lp14v) Cor Preto 220V,R$9.399
Lava-louças Brastemp BLF14 de 14 serviços branca 127V,R$4.356
Lava-louças Electrolux 14 Serviços Ll14x 220v 24601tbc289 Cor Cinza,R$5.138
Lava-louças Electrolux Pro Series LP14V de 14 serviços preta 127V,R$9.399
Lava-louças Electrolux 14 Serviços Preta (ll14p),R$4.399
Lava Louça Ll14x 220 Electrolux,R$4.588
Lava-louças Electrolux 14 Serviços Pro Series (lp14v),R$9.399
Lava Louças Electrolux 14 Serviços Experience Preto 220v,R$4.399
Lava-louças Electrolux 14 Serviços Função Higienizar Compras,R$11.314
Lava Louças Electrolux 14 Serviços Painel Touch Inox 220v,R$11.314
Lava-louças Electrolux Pro Series Painel Dig Preta - Lp14v,R$10.690
Lava-louças Inox 14 Serviços 7 Programas  Pré-lavar 220v,R$11.314
"Lava-louças Electrolux Com A Porta Inox, 14 Serviços, 07 Pro",R$5.138
"Lava-louças Electrolux Pro Series Com 14 Serviços, 11 Progra",R$10.398
Lava Louças 14 Serviços Branca 85x45x64cm 220v - Brastemp,R$5.999
Lava-louças Electrolux Inox Função Higienizar 14 Programas,R$11.314
Lava-louças Electrolux 14 Serviços Inox C/ Função Higienizar,R$11.319
Lava-louças De Piso Electrolux Com 14 Serviços Inox 220v,R$11.319
Lava Louças Electrolux 14 Serviços Experience Preto 220v,R$4.399
Lava Louças Electrolux 14 Serviços Branca Com Função Higieni,R$4.399
Lava Louças 14 Serviços Ll14x Inox Electrolux 110V,R$5.049
Lava-louças Electrolux Pro Series Lp14v 14 Serviços Preta,R$7.999
Lava Louças Electrolux 14 Serviços Experience Preto 127v ,R$4.399
 Midea DWA14b2 lava-louças 14 serviços branca 220v cor branco,R$2.989
Lava Louças Midea 14 Serviços Preta Voltagem 220v,R$3.049
Lava-louças Electrolux 14 Serviços Inox Com Função Higieniza,R$5.049
Lava-louças Electrolux 14 Serviços Pro Series(lp14v) 110/220,R$7.499
Lava-louças 14 Serviços Pro Series Electrolux (lp14v) - ,R$6.999
Cj Placa Potencia/interf Ll14p A09970701 Pnc 946521388-00,R$780
Lava Louças 14 Serviços Midea Cor Branca,R$3.049
Lava Louças Philco Pll14id Digital 14 Serviços Cor Única 220V,R$3.299
Lava Louças 14 Serviços Black Digital 127v - Electrolux,R$6.899
Lava Louças 14 Serviços Branca 85x45x64cm 127v - Brastemp,R$5.999
Lava Louças Midea 14 Serviços Pré Lavagem Cinza Dwa14s2 22 220V,R$4.197
Lava-louças Eos 14 Serviços Prata Ell14s 220v,R$3.609
Lava-louças Electrolux Pro Series Lp14v De 14 Serviços 127v,R$7.199
Lava Louças Digital 14 Serviços 84x61x60cm 127v - Electrolux,R$6.599
Lava-louças Samsung Com 14 Serviços Inox (220v),R$4.559
Lava-louças Samsung com 14 serviços Black Inox (220V),R$4.508
Lava Louças Electrolux 14 Serviços Ll14x 24601tbc189 110v,R$5.549
Lava Louças Eos 14 Serviços Ell14s Inox Prata 220v,R$4.550
Lava-louças Preto Panasonic - Np-6m1mbkbrp 220V,R$4.454
Lava-louças Panasonic 15 Serviços E Design Premium Preta - N,R$4.899
Lavadora De Louças Midea 14 Serviços Cinza Dwa14s1.dwa14s2,R$3.574
Lava Louças Electrolux 14 Serviços Experience Preto 127v ,R$4.198
Lava Louças Midea 14 Serviços Branca,R$3.049
Lava Louças 14 Serviços Ll14x Inox Electrolux 220V,R$4.413
Lava-louças Electrolux 14 Serviços Preta (ll14p) 220V,R$4.598
Lava-louças Electrolux 14 Serviços Preta (ll14p) 127V,R$4.598
Lava Louças Electrolux 14 Serviços Branca Com Função Higieni,R$4.399
Lava-louças Electrolux 14 Serviços Pro Series (lp14v) Cor Preto 220V,R$9.399
Lava-louças Brastemp BLF14 de 14 serviços branca 127V,R$4.356
Lava-louças Electrolux 14 Serviços Ll14x 220v 24601tbc289 Cor Cinza,R$5.138
Lava-louças Electrolux Pro Series LP14V de 14 serviços preta 127V,R$9.399
Lava-louças Electrolux 14 Serviços Preta (ll14p),R$4.399
Lava Louça Ll14x 220 Electrolux,R$4.588
Lava-louças Electrolux 14 Serviços Pro Series (lp14v),R$9.399
Lava Louças Electrolux 14 Serviços Experience Preto 220v,R$4.399
Lava-louças Electrolux 14 Serviços Função Higienizar Compras,R$11.314
Lava Louças Electrolux 14 Serviços Painel Touch Inox 220v,R$11.314
Lava-louças Electrolux Pro Series Painel Dig Preta - Lp14v,R$10.690
Lava-louças Inox 14 Serviços 7 Programas  Pré-lavar 220v,R$11.314
"Lava-louças Electrolux Com A Porta Inox, 14 Serviços, 07 Pro",R$5.138
"Lava-louças Electrolux Pro Series Com 14 Serviços, 11 Progra",R$10.398
Lava Louças 14 Serviços Branca 85x45x64cm 220v - Brastemp,R$5.999
Lava-louças Electrolux Inox Função Higienizar 14 Programas,R$11.314
Lava-louças Electrolux 14 Serviços Inox C/ Função Higienizar,R$11.319
Lava-louças De Piso Electrolux Com 14 Serviços Inox 220v,R$11.319
Lava Louças Electrolux 14 Serviços Experience Preto 220v,R$4.399
Lava Louças Electrolux 14 Serviços Branca Com Função Higieni,R$4.399
Lava Louças 14 Serviços Ll14x Inox Electrolux 110V,R$5.049
Lava-louças Electrolux Pro Series Lp14v 14 Serviços Preta,R$7.999
Lava Louças Electrolux 14 Serviços Experience Preto 127v ,R$4.399
 Midea DWA14b2 lava-louças 14 serviços branca 220v cor branco,R$2.989
Lava Louças Midea 14 Serviços Preta Voltagem 220v,R$3.049
Lava-louças Electrolux 14 Serviços Inox Com Função Higieniza,R$5.049
Lava-louças Electrolux 14 Serviços Pro Series(lp14v) 110/220,R$7.499
Lava-louças 14 Serviços Pro Series Electrolux (lp14v) - ,R$6.999
Cj Placa Potencia/interf Ll14p A09970701 Pnc 946521388-00,R$780
Lava Louças 14 Serviços Midea Cor Branca,R$3.049
Lava Louças Philco Pll14id Digital 14 Serviços Cor Única 220V,R$3.299
Lava Louças 14 Serviços Black Digital 127v - Electrolux,R$6.899
Lava Louças 14 Serviços Branca 85x45x64cm 127v - Brastemp,R$5.999
Lava Louças Midea 14 Serviços Pré Lavagem Cinza Dwa14s2 22 220V,R$4.197
Lava-louças Eos 14 Serviços Prata Ell14s 220v,R$3.609
Lava-louças Electrolux Pro Series Lp14v De 14 Serviços 127v,R$7.199
Lava Louças Digital 14 Serviços 84x61x60cm 127v - Electrolux,R$6.599
Lava-louças Samsung Com 14 Serviços Inox (220v),R$4.559
Lava-louças Samsung com 14 serviços Black Inox (220V),R$4.508
Lava Louças Electrolux 14 Serviços Ll14x 24601tbc189 110v,R$5.549
Lava Louças Eos 14 Serviços Ell14s Inox Prata 220v,R$4.550
Lava-louças Preto Panasonic - Np-6m1mbkbrp 220V,R$4.454
Lava-louças Panasonic 15 Serviços E Design Premium Preta - N,R$4.899
Lavadora De Louças Midea 14 Serviços Cinza Dwa14s1.dwa14s2,R$3.574
Lava Louças Electrolux 14 Serviços Experience Preto 127v ,R$4.198
Lava Louças Midea 14 Serviços Branca,R$3.049
Lava Louças 14 Serviços Ll14x Inox Electrolux 220V,R$4.413
Lava-louças Electrolux 14 Serviços Preta (ll14p) 220V,R$4.598
Lava-louças Electrolux 14 Serviços Preta (ll14p) 127V,R$4.598
Lava Louças Electrolux 14 Serviços Branca Com Função Higieni,R$4.399
Lava-louças Electrolux 14 Serviços Pro Series (lp14v) Cor Preto 220V,R$9.399
Lava-louças Brastemp BLF14 de 14 serviços branca 127V,R$4.356
Lava-louças Electrolux 14 Serviços Ll14x 220v 24601tbc289 Cor Cinza,R$5.138
Lava-louças Electrolux Pro Series LP14V de 14 serviços preta 127V,R$9.399
Lava-louças Electrolux 14 Serviços Preta (ll14p),R$4.399
Lava Louça Ll14x 220 Electrolux,R$4.588
Lava-louças Electrolux 14 Serviços Pro Series (lp14v),R$9.399
Lava Louças Electrolux 14 Serviços Experience Preto 220v,R$4.399
Lava-louças Electrolux 14 Serviços Função Higienizar Compras,R$11.314
Lava Louças Electrolux 14 Serviços Painel Touch Inox 220v,R$11.314
Lava-louças Electrolux Pro Series Painel Dig Preta - Lp14v,R$10.690
Lava-louças Inox 14 Serviços 7 Programas  Pré-lavar 220v,R$11.314
"Lava-louças Electrolux Com A Porta Inox, 14 Serviços, 07 Pro",R$5.138
"Lava-louças Electrolux Pro Series Com 14 Serviços, 11 Progra",R$10.398
Lava Louças 14 Serviços Branca 85x45x64cm 220v - Brastemp,R$5.999
Lava-louças Electrolux Inox Função Higienizar 14 Programas,R$11.314
Lava-louças Electrolux 14 Serviços Inox C/ Função Higienizar,R$11.319
Lava-louças De Piso Electrolux Com 14 Serviços Inox 220v,R$11.319
Lava Louças Electrolux 14 Serviços Experience Preto 220v,R$4.399
Lava Louças Electrolux 14 Serviços Branca Com Função Higieni,R$4.399
Lava Louças 14 Serviços Ll14x Inox Electrolux 110V,R$5.049
Lava-louças Electrolux Pro Series Lp14v 14 Serviços Preta,R$7.999
Lava Louças Electrolux 14 Serviços Experience Preto 127v ,R$4.399
 Midea DWA14b2 lava-louças 14 serviços branca 220v cor branco,R$2.989
Lava Louças Midea 14 Serviços Preta Voltagem 220v,R$3.049
Lava-louças Electrolux 14 Serviços Inox Com Função Higieniza,R$5.049
Lava-louças Electrolux 14 Serviços Pro Series(lp14v) 110/220,R$7.499
Lava-louças 14 Serviços Pro Series Electrolux (lp14v) - ,R$6.999
Cj Placa Potencia/interf Ll14p A09970701 Pnc 946521388-00,R$780
Lava Louças 14 Serviços Midea Cor Branca,R$3.049
Lava Louças Philco Pll14id Digital 14 Serviços Cor Única 220V,R$3.299
Lava Louças 14 Serviços Black Digital 127v - Electrolux,R$6.899
Lava Louças 14 Serviços Branca 85x45x64cm 127v - Brastemp,R$5.999
Lava Louças Midea 14 Serviços Pré Lavagem Cinza Dwa14s2 22 220V,R$4.197
Lava-louças Eos 14 Serviços Prata Ell14s 220v,R$3.609
Lava-louças Electrolux Pro Series Lp14v De 14 Serviços 127v,R$7.199
Lava Louças Digital 14 Serviços 84x61x60cm 127v - Electrolux,R$6.599
Lava-louças Samsung Com 14 Serviços Inox (220v),R$4.559
Lava-louças Samsung com 14 serviços Black Inox (220V),R$4.508
Lava Louças Electrolux 14 Serviços Ll14x 24601tbc189 110v,R$5.549
Lava Louças Eos 14 Serviços Ell14s Inox Prata 220v,R$4.550
Lava-louças Preto Panasonic - Np-6m1mbkbrp 220V,R$4.454
Lava-louças Panasonic 15 Serviços E Design Premium Preta - N,R$4.899
Lavadora De Louças Midea 14 Serviços Cinza Dwa14s1.dwa14s2,R$3.574
Lava Louças Electrolux 14 Serviços Experience Preto 127v ,R$4.198
Lava Louças Midea 14 Serviços Branca,R$3.049
Lava Louças 14 Serviços Ll14x Inox Electrolux 220V,R$4.646
Lava-louças Electrolux 14 Serviços Preta (ll14p) 220V,R$4.598
Lava-louças Electrolux 14 Serviços Preta (ll14p) 127V,R$4.598
Lava Louças Electrolux 14 Serviços Branca Com Função Higieni,R$4.399
Lava-louças Electrolux 14 Serviços Pro Series (lp14v) Cor Preto 220V,R$9.399
Lava-louças Brastemp BLF14 de 14 serviços branca 127V,R$4.356
Lava-louças Electrolux 14 Serviços Ll14x 220v 24601tbc289 Cor Cinza,R$5.138
Lava-louças Electrolux Pro Series LP14V de 14 serviços preta 127V,R$9.399
Lava-louças Electrolux 14 Serviços Preta (ll14p),R$4.399
Lava Louça Ll14x 220 Electrolux,R$4.588
Lava-louças Electrolux 14 Serviços Pro Series (lp14v),R$9.399
Lava Louças Electrolux 14 Serviços Experience Preto 220v,R$4.399
Lava-louças Electrolux 14 Serviços Função Higienizar Compras,R$11.314
Lava Louças Electrolux 14 Serviços Painel Touch Inox 220v,R$11.314
Lava-louças Electrolux Pro Series Painel Dig Preta - Lp14v,R$10.690
Lava-louças Inox 14 Serviços 7 Programas  Pré-lavar 220v,R$11.314
"Lava-louças Electrolux Com A Porta Inox, 14 Serviços, 07 Pro",R$5.138
"Lava-louças Electrolux Pro Series Com 14 Serviços, 11 Progra",R$10.398
Lava Louças 14 Serviços Branca 85x45x64cm 220v - Brastemp,R$5.999
Lava-louças Electrolux Inox Função Higienizar 14 Programas,R$11.314
Lava-louças Electrolux 14 Serviços Inox C/ Função Higienizar,R$11.319
Lava-louças De Piso Electrolux Com 14 Serviços Inox 220v,R$11.319
Lava Louças Electrolux 14 Serviços Experience Preto 220v,R$4.399
Lava Louças Electrolux 14 Serviços Branca Com Função Higieni,R$4.399
Lava Louças 14 Serviços Ll14x Inox Electrolux 110V,R$5.049
Lava-louças Electrolux Pro Series Lp14v 14 Serviços Preta,R$7.999
Lava Louças Electrolux 14 Serviços Experience Preto 127v ,R$4.399
 Midea DWA14b2 lava-louças 14 serviços branca 220v cor branco,R$2.989
Lava Louças Midea 14 Serviços Preta Voltagem 220v,R$3.049
Lava-louças Electrolux 14 Serviços Inox Com Função Higieniza,R$5.049
Lava-louças Electrolux 14 Serviços Pro Series(lp14v) 110/220,R$7.499
Lava-louças 14 Serviços Pro Series Electrolux (lp14v) - ,R$6.999
Cj Placa Potencia/interf Ll14p A09970701 Pnc 946521388-00,R$780
Lava Louças 14 Serviços Midea Cor Branca,R$3.049
Lava Louças Philco Pll14id Digital 14 Serviços Cor Única 220V,R$3.299
Lava Louças 14 Serviços Black Digital 127v - Electrolux,R$6.899
Lava Louças 14 Serviços Branca 85x45x64cm 127v - Brastemp,R$5.999
Lava Louças Midea 14 Serviços Pré Lavagem Cinza Dwa14s2 22 220V,R$4.197
Lava-louças Eos 14 Serviços Prata Ell14s 220v,R$3.609
Lava-louças Electrolux Pro Series Lp14v De 14 Serviços 127v,R$7.199
Lava Louças Digital 14 Serviços 84x61x60cm 127v - Electrolux,R$6.599
Lava-louças Samsung Com 14 Serviços Inox (220v),R$4.559
Lava-louças Samsung com 14 serviços Black Inox (220V),R$4.508
Lava Louças Electrolux 14 Serviços Ll14x 24601tbc189 110v,R$5.549
Lava Louças Eos 14 Serviços Ell14s Inox Prata 220v,R$4.550
Lava-louças Preto Panasonic - Np-6m1mbkbrp 220V,R$4.454
Lava-louças Panasonic 15 Serviços E Design Premium Preta - N,R$4.899
Lavadora De Louças Midea 14 Serviços Cinza Dwa14s1.dwa14s2,R$3.574
Lava Louças Electrolux 14 Serviços Experience Preto 127v ,R$4.198
Lava Louças Midea 14 Serviços Branca,R$3.049
Lava Louças 14 Serviços Ll14x Inox Electrolux 220V,R$4.413
Lava-louças Electrolux 14 Serviços Preta (ll14p) 220V,R$4.598
Lava-louças Electrolux 14 Serviços Preta (ll14p) 127V,R$4.598
Lava Louças Electrolux 14 Serviços Branca Com Função Higieni,R$4.399
Lava-louças Electrolux 14 Serviços Pro Series (lp14v) Cor Preto 220V,R$9.399
Lava-louças Brastemp BLF14 de 14 serviços branca 127V,R$4.356
Lava-louças Electrolux 14 Serviços Ll14x 220v 24601tbc289 Cor Cinza,R$5.138
Lava-louças Electrolux Pro Series LP14V de 14 serviços preta 127V,R$9.399
Lava-louças Electrolux 14 Serviços Preta (ll14p),R$4.399
Lava Louça Ll14x 220 Electrolux,R$4.588
Lava-louças Electrolux 14 Serviços Pro Series (lp14v),R$9.399
Lava Louças Electrolux 14 Serviços Experience Preto 220v,R$4.399
Lava-louças Electrolux 14 Serviços Função Higienizar Compras,R$11.314
Lava Louças Electrolux 14 Serviços Painel Touch Inox 220v,R$11.314
Lava-louças Electrolux Pro Series Painel Dig Preta - Lp14v,R$10.690
Lava-louças Inox 14 Serviços 7 Programas  Pré-lavar 220v,R$11.314
"Lava-louças Electrolux Com A Porta Inox, 14 Serviços, 07 Pro",R$5.138
"Lava-louças Electrolux Pro Series Com 14 Serviços, 11 Progra",R$10.398
Lava Louças 14 Serviços Branca 85x45x64cm 220v - Brastemp,R$5.999
Lava-louças Electrolux Inox Função Higienizar 14 Programas,R$11.314
Lava-louças Electrolux 14 Serviços Inox C/ Função Higienizar,R$11.319
Lava-louças De Piso Electrolux Com 14 Serviços Inox 220v,R$11.319
Lava Louças Electrolux 14 Serviços Experience Preto 220v,R$4.399
Lava Louças Electrolux 14 Serviços Branca Com Função Higieni,R$4.399
Lava Louças 14 Serviços Ll14x Inox Electrolux 110V,R$5.049
Lava-louças Electrolux Pro Series Lp14v 14 Serviços Preta,R$7.999
Lava Louças Electrolux 14 Serviços Experience Preto 127v ,R$4.399
 Midea DWA14b2 lava-louças 14 serviços branca 220v cor branco,R$2.989
Lava Louças Midea 14 Serviços Preta Voltagem 220v,R$3.049
Lava-louças Electrolux 14 Serviços Inox Com Função Higieniza,R$5.049
Lava-louças Electrolux 14 Serviços Pro Series(lp14v) 110/220,R$7.499
Lava-louças 14 Serviços Pro Series Electrolux (lp14v) - ,R$6.999
Cj Placa Potencia/interf Ll14p A09970701 Pnc 946521388-00,R$780
Lava Louças 14 Serviços Midea Cor Branca,R$3.049
Lava Louças Philco Pll14id Digital 14 Serviços Cor Única 220V,R$3.299
Lava Louças 14 Serviços Black Digital 127v - Electrolux,R$6.899
Lava Louças 14 Serviços Branca 85x45x64cm 127v - Brastemp,R$5.999
Lava Louças Midea 14 Serviços Pré Lavagem Cinza Dwa14s2 22 220V,R$4.197
Lava-louças Eos 14 Serviços Prata Ell14s 220v,R$3.609
Lava-louças Electrolux Pro Series Lp14v De 14 Serviços 127v,R$7.199
Lava Louças Digital 14 Serviços 84x61x60cm 127v - Electrolux,R$6.599
Lava-louças Samsung Com 14 Serviços Inox (220v),R$4.559
Lava-louças Samsung com 14 serviços Black Inox (220V),R$4.508
Lava Louças Electrolux 14 Serviços Ll14x 24601tbc189 110v,R$5.549
Lava Louças Eos 14 Serviços Ell14s Inox Prata 220v,R$4.550
Lava-louças Preto Panasonic - Np-6m1mbkbrp 220V,R$4.454
Lava-louças Panasonic 15 Serviços E Design Premium Preta - N,R$4.899
Lavadora De Louças Midea 14 Serviços Cinza Dwa14s1.dwa14s2,R$3.574
Lava Louças Electrolux 14 Serviços Experience Preto 127v ,R$4.198
Lava Louças Midea 14 Serviços Branca,R$3.049
Lava Louças 14 Serviços Ll14x Inox Electrolux 220V,R$4.413
Lava-louças Electrolux 14 Serviços Preta (ll14p) 220V,R$4.598
Lava-louças Electrolux 14 Serviços Preta (ll14p) 127V,R$4.598
Lava Louças Electrolux 14 Serviços Branca Com Função Higieni,R$4.399
Lava-louças Electrolux 14 Serviços Pro Series (lp14v) Cor Preto 220V,R$9.399
Lava-louças Brastemp BLF14 de 14 serviços branca 127V,R$4.356
Lava-louças Electrolux 14 Serviços Ll14x 220v 24601tbc289 Cor Cinza,R$5.138
Lava-louças Electrolux Pro Series LP14V de 14 serviços preta 127V,R$9.399
Lava-louças Electrolux 14 Serviços Preta (ll14p),R$4.399
Lava Louça Ll14x 220 Electrolux,R$4.588
Lava-louças Electrolux 14 Serviços Pro Series (lp14v),R$9.399
Lava Louças Electrolux 14 Serviços Experience Preto 220v,R$4.399
Lava-louças Electrolux 14 Serviços Função Higienizar Compras,R$11.314
Lava Louças Electrolux 14 Serviços Painel Touch Inox 220v,R$11.314
Lava-louças Electrolux Pro Series Painel Dig Preta - Lp14v,R$10.690
Lava-louças Inox 14 Serviços 7 Programas  Pré-lavar 220v,R$11.314
"Lava-louças Electrolux Com A Porta Inox, 14 Serviços, 07 Pro",R$5.138
"Lava-louças Electrolux Pro Series Com 14 Serviços, 11 Progra",R$10.398
Lava Louças 14 Serviços Branca 85x45x64cm 220v - Brastemp,R$5.999
Lava-louças Electrolux Inox Função Higienizar 14 Programas,R$11.314
Lava-louças Electrolux 14 Serviços Inox C/ Função Higienizar,R$11.319
Lava-louças De Piso Electrolux Com 14 Serviços Inox 220v,R$11.319
Lava Louças Electrolux 14 Serviços Experience Preto 220v,R$4.399
Lava Louças Electrolux 14 Serviços Branca Com Função Higieni,R$4.399
Lava Louças 14 Serviços Ll14x Inox Electrolux 110V,R$5.049
Lava-louças Electrolux Pro Series Lp14v 14 Serviços Preta,R$7.999
Lava Louças Electrolux 14 Serviços Experience Preto 127v ,R$4.399
 Midea DWA14b2 lava-louças 14 serviços branca 220v cor branco,R$2.989
Lava Louças Midea 14 Serviços Preta Voltagem 220v,R$3.049
Lava-louças Electrolux 14 Serviços Inox Com Função Higieniza,R$5.049
Lava-louças Electrolux 14 Serviços Pro Series(lp14v) 110/220,R$7.499
Lava-louças 14 Serviços Pro Series Electrolux (lp14v) - ,R$6.999
Cj Placa Potencia/interf Ll14p A09970701 Pnc 946521388-00,R$780
Lava Louças 14 Serviços Midea Cor Branca,R$3.049
Lava Louças Philco Pll14id Digital 14 Serviços Cor Única 220V,R$3.299
Lava Louças 14 Serviços Black Digital 127v - Electrolux,R$6.899
Lava Louças 14 Serviços Branca 85x45x64cm 127v - Brastemp,R$5.999
Lava Louças Midea 14 Serviços Pré Lavagem Cinza Dwa14s2 22 220V,R$4.197
Lava-louças Eos 14 Serviços Prata Ell14s 220v,R$3.609
Lava-louças Electrolux Pro Series Lp14v De 14 Serviços 127v,R$7.199
Lava Louças Digital 14 Serviços 84x61x60cm 127v - Electrolux,R$6.599
Lava-louças Samsung Com 14 Serviços Inox (220v),R$4.559
Lava-louças Samsung com 14 serviços Black Inox (220V),R$4.508
Lava Louças Electrolux 14 Serviços Ll14x 24601tbc189 110v,R$5.549
Lava Louças Eos 14 Serviços Ell14s Inox Prata 220v,R$4.550
Lava-louças Preto Panasonic - Np-6m1mbkbrp 220V,R$4.454
Lava-louças Panasonic 15 Serviços E Design Premium Preta - N,R$4.899
Lavadora De Louças Midea 14 Serviços Cinza Dwa14s1.dwa14s2,R$3.574
Lava Louças Electrolux 14 Serviços Experience Preto 127v ,R$4.198
Lava Louças Midea 14 Serviços Branca,R$3.049
Lava Louças 14 Serviços Ll14x Inox Electrolux 220V,R$4.413
Lava-louças Electrolux 14 Serviços Preta (ll14p) 220V,R$4.598
Lava-louças Electrolux 14 Serviços Preta (ll14p) 127V,R$4.598
Lava Louças Electrolux 14 Serviços Branca Com Função Higieni,R$4.399
Lava-louças Electrolux 14 Serviços Pro Series (lp14v) Cor Preto 220V,R$9.399
Lava-louças Brastemp BLF14 de 14 serviços branca 127V,R$4.356
Lava-louças Electrolux 14 Serviços Ll14x 220v 24601tbc289 Cor Cinza,R$5.138
Lava-louças Electrolux Pro Series LP14V de 14 serviços preta 127V,R$9.399
Lava-louças Electrolux 14 Serviços Preta (ll14p),R$4.399
Lava Louça Ll14x 220 Electrolux,R$4.588
Lava-louças Electrolux 14 Serviços Pro Series (lp14v),R$9.399
Lava Louças Electrolux 14 Serviços Experience Preto 220v,R$4.399
Lava-louças Electrolux 14 Serviços Função Higienizar Compras,R$11.314
Lava Louças Electrolux 14 Serviços Painel Touch Inox 220v,R$11.314
Lava-louças Electrolux Pro Series Painel Dig Preta - Lp14v,R$10.690
Lava-louças Inox 14 Serviços 7 Programas  Pré-lavar 220v,R$11.314
"Lava-louças Electrolux Com A Porta Inox, 14 Serviços, 07 Pro",R$5.138
"Lava-louças Electrolux Pro Series Com 14 Serviços, 11 Progra",R$10.398
Lava Louças 14 Serviços Branca 85x45x64cm 220v - Brastemp,R$5.999
Lava-louças Electrolux Inox Função Higienizar 14 Programas,R$11.314
Lava-louças Electrolux 14 Serviços Inox C/ Função Higienizar,R$11.319
Lava-louças De Piso Electrolux Com 14 Serviços Inox 220v,R$11.319
Lava Louças Electrolux 14 Serviços Experience Preto 220v,R$4.399
Lava Louças Electrolux 14 Serviços Branca Com Função Higieni,R$4.399
Lava Louças 14 Serviços Ll14x Inox Electrolux 110V,R$5.049
Lava-louças Electrolux Pro Series Lp14v 14 Serviços Preta,R$7.999
Lava Louças Electrolux 14 Serviços Experience Preto 127v ,R$4.399
 Midea DWA14b2 lava-louças 14 serviços branca 220v cor branco,R$2.989
Lava Louças Midea 14 Serviços Preta Voltagem 220v,R$3.049
Lava-louças Electrolux 14 Serviços Inox Com Função Higieniza,R$5.049
Lava-louças Electrolux 14 Serviços Pro Series(lp14v) 110/220,R$7.499
Lava-louças 14 Serviços Pro Series Electrolux (lp14v) - ,R$6.999
Cj Placa Potencia/interf Ll14p A09970701 Pnc 946521388-00,R$780
Lava Louças 14 Serviços Midea Cor Branca,R$3.049
Lava Louças Philco Pll14id Digital 14 Serviços Cor Única 220V,R$3.299
Lava Louças 14 Serviços Black Digital 127v - Electrolux,R$6.899
Lava Louças 14 Serviços Branca 85x45x64cm 127v - Brastemp,R$5.999
Lava Louças Midea 14 Serviços Pré Lavagem Cinza Dwa14s2 22 220V,R$4.197
Lava-louças Eos 14 Serviços Prata Ell14s 220v,R$3.609
Lava-louças Electrolux Pro Series Lp14v De 14 Serviços 127v,R$7.199
Lava Louças Digital 14 Serviços 84x61x60cm 127v - Electrolux,R$6.599
Lava-louças Samsung Com 14 Serviços Inox (220v),R$4.559
Lava-louças Samsung com 14 serviços Black Inox (220V),R$4.508
Lava Louças Electrolux 14 Serviços Ll14x 24601tbc189 110v,R$5.549
Lava Louças Eos 14 Serviços Ell14s Inox Prata 220v,R$4.550
Lava-louças Preto Panasonic - Np-6m1mbkbrp 220V,R$4.454
Lava-louças Panasonic 15 Serviços E Design Premium Preta - N,R$4.899
Lavadora De Louças Midea 14 Serviços Cinza Dwa14s1.dwa14s2,R$3.574
Lava Louças Electrolux 14 Serviços Experience Preto 127v ,R$4.198
Lava Louças Midea 14 Serviços Branca,R$3.049
Lava Louças 14 Serviços Ll14x Inox Electrolux 220V,R$4.413
Lava-louças Electrolux 14 Serviços Preta (ll14p) 220V,R$4.598
Lava-louças Electrolux 14 Serviços Preta (ll14p) 127V,R$4.598
Lava Louças Electrolux 14 Serviços Branca Com Função Higieni,R$4.399
Lava-louças Electrolux 14 Serviços Pro Series (lp14v) Cor Preto 220V,R$9.399
Lava-louças Brastemp BLF14 de 14 serviços branca 127V,R$4.356
Lava-louças Electrolux 14 Serviços Ll14x 220v 24601tbc289 Cor Cinza,R$5.138
Lava-louças Electrolux Pro Series LP14V de 14 serviços preta 127V,R$9.399
Lava-louças Electrolux 14 Serviços Preta (ll14p),R$4.399
Lava Louça Ll14x 220 Electrolux,R$4.588
Lava-louças Electrolux 14 Serviços Pro Series (lp14v),R$9.399
Lava Louças Electrolux 14 Serviços Experience Preto 220v,R$4.399
Lava-louças Electrolux 14 Serviços Função Higienizar Compras,R$11.314
Lava Louças Electrolux 14 Serviços Painel Touch Inox 220v,R$11.314
Lava-louças Electrolux Pro Series Painel Dig Preta - Lp14v,R$10.690
Lava-louças Inox 14 Serviços 7 Programas  Pré-lavar 220v,R$11.314
"Lava-louças Electrolux Com A Porta Inox, 14 Serviços, 07 Pro",R$5.138
"Lava-louças Electrolux Pro Series Com 14 Serviços, 11 Progra",R$10.398
Lava Louças 14 Serviços Branca 85x45x64cm 220v - Brastemp,R$5.999
Lava-louças Electrolux Inox Função Higienizar 14 Programas,R$11.314
Lava-louças Electrolux 14 Serviços Inox C/ Função Higienizar,R$11.319
Lava-louças De Piso Electrolux Com 14 Serviços Inox 220v,R$11.319
Lava Louças Electrolux 14 Serviços Experience Preto 220v,R$4.399
Lava Louças Electrolux 14 Serviços Branca Com Função Higieni,R$4.399
Lava Louças 14 Serviços Ll14x Inox Electrolux 110V,R$5.049
Lava-louças Electrolux Pro Series Lp14v 14 Serviços Preta,R$7.999
Lava Louças Electrolux 14 Serviços Experience Preto 127v ,R$4.399
 Midea DWA14b2 lava-louças 14 serviços branca 220v cor branco,R$2.989
Lava Louças Midea 14 Serviços Preta Voltagem 220v,R$3.049
Lava-louças Electrolux 14 Serviços Inox Com Função Higieniza,R$5.049
Lava-louças Electrolux 14 Serviços Pro Series(lp14v) 110/220,R$7.499
Lava-louças 14 Serviços Pro Series Electrolux (lp14v) - ,R$6.999
Cj Placa Potencia/interf Ll14p A09970701 Pnc 946521388-00,R$780
Lava Louças 14 Serviços Midea Cor Branca,R$3.049
Lava Louças Philco Pll14id Digital 14 Serviços Cor Única 220V,R$3.299
Lava Louças 14 Serviços Black Digital 127v - Electrolux,R$6.899
Lava Louças 14 Serviços Branca 85x45x64cm 127v - Brastemp,R$5.999
Lava Louças Midea 14 Serviços Pré Lavagem Cinza Dwa14s2 22 220V,R$4.197
Lava-louças Eos 14 Serviços Prata Ell14s 220v,R$3.609
Lava-louças Electrolux Pro Series Lp14v De 14 Serviços 127v,R$7.199
Lava Louças Digital 14 Serviços 84x61x60cm 127v - Electrolux,R$6.599
Lava-louças Samsung Com 14 Serviços Inox (220v),R$4.559
Lava-louças Samsung com 14 serviços Black Inox (220V),R$4.508
Lava Louças Electrolux 14 Serviços Ll14x 24601tbc189 110v,R$5.549
Lava Louças Eos 14 Serviços Ell14s Inox Prata 220v,R$4.550
Lava-louças Preto Panasonic - Np-6m1mbkbrp 220V,R$4.454
Lava-louças Panasonic 15 Serviços E Design Premium Preta - N,R$4.899
Lavadora De Louças Midea 14 Serviços Cinza Dwa14s1.dwa14s2,R$3.574
Lava Louças Electrolux 14 Serviços Experience Preto 127v ,R$4.198
Lava Louças Midea 14 Serviços Branca,R$3.049
Lava Louças 14 Serviços Ll14x Inox Electrolux 220V,R$4.413
Lava-louças Electrolux 14 Serviços Preta (ll14p) 220V,R$4.598
Lava-louças Electrolux 14 Serviços Preta (ll14p) 127V,R$4.598
Lava Louças Electrolux 14 Serviços Branca Com Função Higieni,R$4.399
Lava-louças Electrolux 14 Serviços Pro Series (lp14v) Cor Preto 220V,R$9.399
Lava-louças Brastemp BLF14 de 14 serviços branca 127V,R$4.356
Lava-louças Electrolux 14 Serviços Ll14x 220v 24601tbc289 Cor Cinza,R$5.138
Lava-louças Electrolux Pro Series LP14V de 14 serviços preta 127V,R$9.399
Lava-louças Electrolux 14 Serviços Preta (ll14p),R$4.399
Lava Louça Ll14x 220 Electrolux,R$4.588
Lava-louças Electrolux 14 Serviços Pro Series (lp14v),R$9.399
Lava Louças Electrolux 14 Serviços Experience Preto 220v,R$4.399
Lava-louças Electrolux 14 Serviços Função Higienizar Compras,R$11.314
Lava Louças Electrolux 14 Serviços Painel Touch Inox 220v,R$11.314
Lava-louças Electrolux Pro Series Painel Dig Preta - Lp14v,R$10.690
Lava-louças Inox 14 Serviços 7 Programas  Pré-lavar 220v,R$11.314
"Lava-louças Electrolux Com A Porta Inox, 14 Serviços, 07 Pro",R$5.138
"Lava-louças Electrolux Pro Series Com 14 Serviços, 11 Progra",R$10.398
Lava Louças 14 Serviços Branca 85x45x64cm 220v - Brastemp,R$5.999
Lava-louças Electrolux Inox Função Higienizar 14 Programas,R$11.314
Lava-louças Electrolux 14 Serviços Inox C/ Função Higienizar,R$11.319
Lava-louças De Piso Electrolux Com 14 Serviços Inox 220v,R$11.319
Lava Louças Electrolux 14 Serviços Experience Preto 220v,R$4.399
Lava Louças Electrolux 14 Serviços Branca Com Função Higieni,R$4.399
Lava Louças 14 Serviços Ll14x Inox Electrolux 110V,R$5.049
Lava-louças Electrolux Pro Series Lp14v 14 Serviços Preta,R$7.999
Lava Louças Electrolux 14 Serviços Experience Preto 127v ,R$4.399
 Midea DWA14b2 lava-louças 14 serviços branca 220v cor branco,R$2.989
Lava Louças Midea 14 Serviços Preta Voltagem 220v,R$3.049
Lava-louças Electrolux 14 Serviços Inox Com Função Higieniza,R$5.049
Lava-louças Electrolux 14 Serviços Pro Series(lp14v) 110/220,R$7.499
Lava-louças 14 Serviços Pro Series Electrolux (lp14v) - ,R$6.999
Cj Placa Potencia/interf Ll14p A09970701 Pnc 946521388-00,R$780
Lava Louças 14 Serviços Midea Cor Branca,R$3.049
Lava Louças Philco Pll14id Digital 14 Serviços Cor Única 220V,R$3.299
Lava Louças 14 Serviços Black Digital 127v - Electrolux,R$6.899
Lava Louças 14 Serviços Branca 85x45x64cm 127v - Brastemp,R$5.999
Lava Louças Midea 14 Serviços Pré Lavagem Cinza Dwa14s2 22 220V,R$4.197
Lava-louças Eos 14 Serviços Prata Ell14s 220v,R$3.609
Lava-louças Electrolux Pro Series Lp14v De 14 Serviços 127v,R$7.199
Lava Louças Digital 14 Serviços 84x61x60cm 127v - Electrolux,R$6.599
Lava-louças Samsung Com 14 Serviços Inox (220v),R$4.559
Lava-louças Samsung com 14 serviços Black Inox (220V),R$4.508
Lava Louças Electrolux 14 Serviços Ll14x 24601tbc189 110v,R$5.549
Lava Louças Eos 14 Serviços Ell14s Inox Prata 220v,R$4.550
Lava-louças Preto Panasonic - Np-6m1mbkbrp 220V,R$4.454
Lava-louças Panasonic 15 Serviços E Design Premium Preta - N,R$4.899
Lavadora De Louças Midea 14 Serviços Cinza Dwa14s1.dwa14s2,R$3.574
Lava Louças Electrolux 14 Serviços Experience Preto 127v ,R$4.198
Lava Louças Midea 14 Serviços Branca,R$3.049
Lava Louças 14 Serviços Ll14x Inox Electrolux 220V,R$4.646
Lava-louças Electrolux 14 Serviços Preta (ll14p) 220V,R$4.598
Lava-louças Electrolux 14 Serviços Preta (ll14p) 127V,R$4.598
Lava Louças Electrolux 14 Serviços Branca Com Função Higieni,R$4.399
Lava-louças Electrolux 14 Serviços Pro Series (lp14v) Cor Preto 220V,R$9.399
Lava-louças Brastemp BLF14 de 14 serviços branca 127V,R$4.356
Lava-louças Electrolux 14 Serviços Ll14x 220v 24601tbc289 Cor Cinza,R$5.138
Lava-louças Electrolux Pro Series LP14V de 14 serviços preta 127V,R$9.399
Lava-louças Electrolux 14 Serviços Preta (ll14p),R$4.399
Lava Louça Ll14x 220 Electrolux,R$4.588
Lava-louças Electrolux 14 Serviços Pro Series (lp14v),R$9.399
Lava Louças Electrolux 14 Serviços Experience Preto 220v,R$4.399
Lava-louças Electrolux 14 Serviços Função Higienizar Compras,R$11.314
Lava Louças Electrolux 14 Serviços Painel Touch Inox 220v,R$11.314
Lava-louças Electrolux Pro Series Painel Dig Preta - Lp14v,R$10.690
Lava-louças Inox 14 Serviços 7 Programas  Pré-lavar 220v,R$11.314
"Lava-louças Electrolux Com A Porta Inox, 14 Serviços, 07 Pro",R$5.138
"Lava-louças Electrolux Pro Series Com 14 Serviços, 11 Progra",R$10.398
Lava Louças 14 Serviços Branca 85x45x64cm 220v - Brastemp,R$5.999
Lava-louças Electrolux Inox Função Higienizar 14 Programas,R$11.314
Lava-louças Electrolux 14 Serviços Inox C/ Função Higienizar,R$11.319
Lava-louças De Piso Electrolux Com 14 Serviços Inox 220v,R$11.319
Lava Louças Electrolux 14 Serviços Experience Preto 220v,R$4.399
Lava Louças Electrolux 14 Serviços Branca Com Função Higieni,R$4.399
Lava Louças 14 Serviços Ll14x Inox Electrolux 110V,R$5.049
Lava-louças Electrolux Pro Series Lp14v 14 Serviços Preta,R$7.999
Lava Louças Electrolux 14 Serviços Experience Preto 127v ,R$4.399
 Midea DWA14b2 lava-louças 14 serviços branca 220v cor branco,R$2.989
Lava Louças Midea 14 Serviços Preta Voltagem 220v,R$3.049
Lava-louças Electrolux 14 Serviços Inox Com Função Higieniza,R$5.049
Lava-louças Electrolux 14 Serviços Pro Series(lp14v) 110/220,R$7.499
Lava-louças 14 Serviços Pro Series Electrolux (lp14v) - ,R$6.999
Cj Placa Potencia/interf Ll14p A09970701 Pnc 946521388-00,R$780
Lava Louças 14 Serviços Midea Cor Branca,R$3.049
Lava Louças Philco Pll14id Digital 14 Serviços Cor Única 220V,R$3.299
Lava Louças 14 Serviços Black Digital 127v - Electrolux,R$6.899
Lava Louças 14 Serviços Branca 85x45x64cm 127v - Brastemp,R$5.999
Lava Louças Midea 14 Serviços Pré Lavagem Cinza Dwa14s2 22 220V,R$4.197
Lava-louças Eos 14 Serviços Prata Ell14s 220v,R$3.609
Lava-louças Electrolux Pro Series Lp14v De 14 Serviços 127v,R$7.199
Lava Louças Digital 14 Serviços 84x61x60cm 127v - Electrolux,R$6.599
Lava-louças Samsung Com 14 Serviços Inox (220v),R$4.559
Lava-louças Samsung com 14 serviços Black Inox (220V),R$4.508
Lava Louças Electrolux 14 Serviços Ll14x 24601tbc189 110v,R$5.549
Lava Louças Eos 14 Serviços Ell14s Inox Prata 220v,R$4.550
Lava-louças Preto Panasonic - Np-6m1mbkbrp 220V,R$4.454
Lava-louças Panasonic 15 Serviços E Design Premium Preta - N,R$4.899
Lavadora De Louças Midea 14 Serviços Cinza Dwa14s1.dwa14s2,R$3.574
Lava Louças Electrolux 14 Serviços Experience Preto 127v ,R$4.198
Lava Louças Midea 14 Serviços Branca,R$3.049
Lava Louças 14 Serviços Ll14x Inox Electrolux 220V,R$4.413
Lava-louças Electrolux 14 Serviços Preta (ll14p) 220V,R$4.598
Lava-louças Electrolux 14 Serviços Preta (ll14p) 127V,R$4.598
Lava Louças Electrolux 14 Serviços Branca Com Função Higieni,R$4.399
Lava-louças Electrolux 14 Serviços Pro Series (lp14v) Cor Preto 220V,R$9.399
Lava-louças Brastemp BLF14 de 14 serviços branca 127V,R$4.356
Lava-louças Electrolux 14 Serviços Ll14x 220v 24601tbc289 Cor Cinza,R$5.138
Lava-louças Electrolux Pro Series LP14V de 14 serviços preta 127V,R$9.399
Lava-louças Electrolux 14 Serviços Preta (ll14p),R$4.399
Lava Louça Ll14x 220 Electrolux,R$4.588
Lava-louças Electrolux 14 Serviços Pro Series (lp14v),R$9.399
Lava Louças Electrolux 14 Serviços Experience Preto 220v,R$4.399
Lava-louças Electrolux 14 Serviços Função Higienizar Compras,R$11.314
Lava Louças Electrolux 14 Serviços Painel Touch Inox 220v,R$11.314
Lava-louças Electrolux Pro Series Painel Dig Preta - Lp14v,R$10.690
Lava-louças Inox 14 Serviços 7 Programas  Pré-lavar 220v,R$11.314
"Lava-louças Electrolux Com A Porta Inox, 14 Serviços, 07 Pro",R$5.138
"Lava-louças Electrolux Pro Series Com 14 Serviços, 11 Progra",R$10.398
Lava Louças 14 Serviços Branca 85x45x64cm 220v - Brastemp,R$5.999
Lava-louças Electrolux Inox Função Higienizar 14 Programas,R$11.314
Lava-louças Electrolux 14 Serviços Inox C/ Função Higienizar,R$11.319
Lava-louças De Piso Electrolux Com 14 Serviços Inox 220v,R$11.319
Lava Louças Electrolux 14 Serviços Experience Preto 220v,R$4.399
Lava Louças Electrolux 14 Serviços Branca Com Função Higieni,R$4.399
Lava Louças 14 Serviços Ll14x Inox Electrolux 110V,R$5.049
Lava-louças Electrolux Pro Series Lp14v 14 Serviços Preta,R$7.999
 Midea DWA14b2 lava-louças 14 serviços branca 220v cor branco,R$2.989
Lava Louças Midea 14 Serviços Preta Voltagem 220v,R$3.049
Lava-louças Electrolux 14 Serviços Inox Com Função Higieniza,R$5.049
Lava-louças Electrolux 14 Serviços Pro Series(lp14v) 110/220,R$7.499
Lava-louças 14 Serviços Pro Series Electrolux (lp14v) - ,R$6.999
Cj Placa Potencia/interf Ll14p A09970701 Pnc 946521388-00,R$780
Lava Louças 14 Serviços Midea Cor Branca,R$3.049
Lava Louças Midea 14 Serviços Pré Lavagem Cinza Dwa14s2 22 220V,R$4.197
Lava Louças Electrolux 14 Serviços Experience Preto 127v ,R$4.399
Lava Louças 14 Serviços Branca 85x45x64cm 127v - Brastemp,R$5.999
Lava Louças Eos 14 Serviços Ell14s Inox Prata 220v,R$4.550
Lava Louças Philco Pll14id Digital 14 Serviços Cor Única 220V,R$3.299
Lava-louças Electrolux Pro Series Lp14v De 14 Serviços 127v,R$7.199
Lava Louças 14 Serviços Black Digital 127v - Electrolux,R$6.899
Lava Louças Digital 14 Serviços 84x61x60cm 127v - Electrolux,R$6.599
Lava-louças Eos 14 Serviços Prata Ell14s 220v,R$3.609
Lava-louças Samsung Com 14 Serviços Inox (220v),R$4.559
Lava Louças Electrolux 14 Serviços Ll14x 24601tbc189 110v,R$5.549
Lava-louças Samsung com 14 serviços Black Inox (220V),R$4.508
Lavadora De Louças Midea 14 Serviços Cinza Dwa14s1.dwa14s2,R$3.574
Lava Louças Midea 14 Serviços Branca,R$3.049
Lava Louças Electrolux 14 Serviços Experience Preto 127v ,R$4.198
Lava-louças Preto Panasonic - Np-6m1mbkbrp 220V,R$4.454
Lava Louças Brastemp 14 Serviços Com Ciclo Pesado Inox 220v,R$12.279
Lava Louças 14 Serviços Ll14x Inox Electrolux 220V,R$4.413
Lava-louças Electrolux 14 Serviços Preta (ll14p) 220V,R$4.598
Lava-louças Electrolux 14 Serviços Preta (ll14p) 127V,R$4.598
Lava Louças Electrolux 14 Serviços Branca Com Função Higieni,R$4.399
Lava-louças Electrolux 14 Serviços Pro Series (lp14v) Cor Preto 220V,R$9.399
Lava-louças Brastemp BLF14 de 14 serviços branca 127V,R$4.356
Lava-louças Electrolux 14 Serviços Ll14x 220v 24601tbc289 Cor Cinza,R$5.138
Lava-louças Electrolux Pro Series LP14V de 14 serviços preta 127V,R$9.399
Lava-louças Electrolux 14 Serviços Preta (ll14p),R$4.399
Lava Louça Ll14x 220 Electrolux,R$4.588
Lava-louças Electrolux 14 Serviços Pro Series (lp14v),R$9.399
Lava Louças Electrolux 14 Serviços Experience Preto 220v,R$4.399
Lava-louças Electrolux 14 Serviços Função Higienizar Compras,R$11.314
Lava Louças Electrolux 14 Serviços Painel Touch Inox 220v,R$11.314
Lava-louças Electrolux Pro Series Painel Dig Preta - Lp14v,R$10.690
Lava-louças Inox 14 Serviços 7 Programas  Pré-lavar 220v,R$11.314
"Lava-louças Electrolux Com A Porta Inox, 14 Serviços, 07 Pro",R$5.138
"Lava-louças Electrolux Pro Series Com 14 Serviços, 11 Progra",R$10.398
Lava Louças 14 Serviços Branca 85x45x64cm 220v - Brastemp,R$5.999
Lava-louças Electrolux Inox Função Higienizar 14 Programas,R$11.314
Lava-louças Electrolux 14 Serviços Inox C/ Função Higienizar,R$11.319
Lava-louças De Piso Electrolux Com 14 Serviços Inox 220v,R$11.319
Lava Louças Electrolux 14 Serviços Experience Preto 220v,R$4.399
Lava Louças Electrolux 14 Serviços Branca Com Função Higieni,R$4.399
Lava Louças 14 Serviços Ll14x Inox Electrolux 110V,R$5.049
Lava-louças Electrolux Pro Series Lp14v 14 Serviços Preta,R$7.999
Lava Louças Electrolux 14 Serviços Experience Preto 127v ,R$4.399
 Midea DWA14b2 lava-louças 14 serviços branca 220v cor branco,R$2.989
Lava Louças Midea 14 Serviços Preta Voltagem 220v,R$3.049
Lava-louças Electrolux 14 Serviços Inox Com Função Higieniza,R$5.049
Lava-louças Electrolux 14 Serviços Pro Series(lp14v) 110/220,R$7.499
Lava-louças 14 Serviços Pro Series Electrolux (lp14v) - ,R$6.999
Cj Placa Potencia/interf Ll14p A09970701 Pnc 946521388-00,R$780
Lava Louças 14 Serviços Midea Cor Branca,R$3.049
Lava Louças Philco Pll14id Digital 14 Serviços Cor Única 220V,R$3.299
Lava Louças 14 Serviços Black Digital 127v - Electrolux,R$6.899
Lava Louças 14 Serviços Branca 85x45x64cm 127v - Brastemp,R$5.999
Lava Louças Midea 14 Serviços Pré Lavagem Cinza Dwa14s2 22 220V,R$4.197
Lava-louças Eos 14 Serviços Prata Ell14s 220v,R$3.609
Lava-louças Electrolux Pro Series Lp14v De 14 Serviços 127v,R$7.199
Lava Louças Digital 14 Serviços 84x61x60cm 127v - Electrolux,R$6.599
Lava-louças Samsung Com 14 Serviços Inox (220v),R$4.559
Lava-louças Samsung com 14 serviços Black Inox (220V),R$4.508
Lava Louças Electrolux 14 Serviços Ll14x 24601tbc189 110v,R$5.549
Lava Louças Eos 14 Serviços Ell14s Inox Prata 220v,R$4.550
Lava-louças Preto Panasonic - Np-6m1mbkbrp 220V,R$4.454
Lava-louças Panasonic 15 Serviços E Design Premium Preta - N,R$4.899
Lavadora De Louças Midea 14 Serviços Cinza Dwa14s1.dwa14s2,R$3.574
Lava Louças Electrolux 14 Serviços Experience Preto 127v ,R$4.198
Lava Louças Midea 14 Serviços Branca,R$3.049
Lava Louças 14 Serviços Ll14x Inox Electrolux 220V,R$4.413
Lava-louças Electrolux 14 Serviços Preta (ll14p) 220V,R$4.598
Lava-louças Electrolux 14 Serviços Preta (ll14p) 127V,R$4.598
Lava Louças Electrolux 14 Serviços Branca Com Função Higieni,R$4.399
Lava-louças Electrolux 14 Serviços Pro Series (lp14v) Cor Preto 220V,R$9.399
Lava-louças Brastemp BLF14 de 14 serviços branca 127V,R$4.356
Lava-louças Electrolux 14 Serviços Ll14x 220v 24601tbc289 Cor Cinza,R$5.138
Lava-louças Electrolux Pro Series LP14V de 14 serviços preta 127V,R$9.399
Lava-louças Electrolux 14 Serviços Preta (ll14p),R$4.399
Lava Louça Ll14x 220 Electrolux,R$4.588
Lava-louças Electrolux 14 Serviços Pro Series (lp14v),R$9.399
Lava Louças Electrolux 14 Serviços Experience Preto 220v,R$4.399
Lava-louças Electrolux 14 Serviços Função Higienizar Compras,R$11.314
Lava Louças Electrolux 14 Serviços Painel Touch Inox 220v,R$11.314
Lava-louças Electrolux Pro Series Painel Dig Preta - Lp14v,R$10.690
Lava-louças Inox 14 Serviços 7 Programas  Pré-lavar 220v,R$11.314
"Lava-louças Electrolux Com A Porta Inox, 14 Serviços, 07 Pro",R$5.138
"Lava-louças Electrolux Pro Series Com 14 Serviços, 11 Progra",R$10.398
Lava Louças 14 Serviços Branca 85x45x64cm 220v - Brastemp,R$5.999
Lava-louças Electrolux Inox Função Higienizar 14 Programas,R$11.314
Lava-louças Electrolux 14 Serviços Inox C/ Função Higienizar,R$11.319
Lava-louças De Piso Electrolux Com 14 Serviços Inox 220v,R$11.319
Lava Louças Electrolux 14 Serviços Experience Preto 220v,R$4.399
Lava Louças Electrolux 14 Serviços Branca Com Função Higieni,R$4.399
Lava Louças 14 Serviços Ll14x Inox Electrolux 110V,R$5.049
Lava-louças Electrolux Pro Series Lp14v 14 Serviços Preta,R$7.999
Lava Louças Electrolux 14 Serviços Experience Preto 127v ,R$4.399
 Midea DWA14b2 lava-louças 14 serviços branca 220v cor branco,R$2.989
Lava Louças Midea 14 Serviços Preta Voltagem 220v,R$3.049
Lava-louças Electrolux 14 Serviços Inox Com Função Higieniza,R$5.049
Lava-louças Electrolux 14 Serviços Pro Series(lp14v) 110/220,R$7.499
Lava-louças 14 Serviços Pro Series Electrolux (lp14v) - ,R$6.999
Cj Placa Potencia/interf Ll14p A09970701 Pnc 946521388-00,R$780
Lava Louças 14 Serviços Midea Cor Branca,R$3.049
Lava Louças Philco Pll14id Digital 14 Serviços Cor Única 220V,R$3.299
Lava Louças 14 Serviços Black Digital 127v - Electrolux,R$6.899
Lava Louças 14 Serviços Branca 85x45x64cm 127v - Brastemp,R$5.999
Lava Louças Midea 14 Serviços Pré Lavagem Cinza Dwa14s2 22 220V,R$4.197
Lava-louças Eos 14 Serviços Prata Ell14s 220v,R$3.609
Lava-louças Electrolux Pro Series Lp14v De 14 Serviços 127v,R$7.199
Lava Louças Digital 14 Serviços 84x61x60cm 127v - Electrolux,R$6.599
Lava-louças Samsung Com 14 Serviços Inox (220v),R$4.559
Lava-louças Samsung com 14 serviços Black Inox (220V),R$4.508
Lava Louças Electrolux 14 Serviços Ll14x 24601tbc189 110v,R$5.549
Lava Louças Eos 14 Serviços Ell14s Inox Prata 220v,R$4.550
Lava-louças Preto Panasonic - Np-6m1mbkbrp 220V,R$4.454
Lava-louças Panasonic 15 Serviços E Design Premium Preta - N,R$4.899
Lavadora De Louças Midea 14 Serviços Cinza Dwa14s1.dwa14s2,R$3.574
Lava Louças Electrolux 14 Serviços Experience Preto 127v ,R$4.198
Lava Louças Midea 14 Serviços Branca,R$3.049
Lava Louças 14 Serviços Ll14x Inox Electrolux 220V,R$4.413
Lava-louças Electrolux 14 Serviços Preta (ll14p) 220V,R$4.598
Lava-louças Electrolux 14 Serviços Preta (ll14p) 127V,R$4.598
Lava Louças Electrolux 14 Serviços Branca Com Função Higieni,R$4.399
Lava-louças Electrolux 14 Serviços Pro Series (lp14v) Cor Preto 220V,R$9.399
Lava-louças Brastemp BLF14 de 14 serviços branca 127V,R$4.356
Lava-louças Electrolux 14 Serviços Ll14x 220v 24601tbc289 Cor Cinza,R$5.138
Lava-louças Electrolux Pro Series LP14V de 14 serviços preta 127V,R$9.399
Lava-louças Electrolux 14 Serviços Preta (ll14p),R$4.399
Lava Louça Ll14x 220 Electrolux,R$4.588
Lava-louças Electrolux 14 Serviços Pro Series (lp14v),R$9.399
Lava Louças Electrolux 14 Serviços Experience Preto 220v,R$4.399
Lava-louças Electrolux 14 Serviços Função Higienizar Compras,R$11.314
Lava Louças Electrolux 14 Serviços Painel Touch Inox 220v,R$11.314
Lava-louças Electrolux Pro Series Painel Dig Preta - Lp14v,R$10.690
Lava-louças Inox 14 Serviços 7 Programas  Pré-lavar 220v,R$11.314
"Lava-louças Electrolux Com A Porta Inox, 14 Serviços, 07 Pro",R$5.138
"Lava-louças Electrolux Pro Series Com 14 Serviços, 11 Progra",R$10.398
Lava Louças 14 Serviços Branca 85x45x64cm 220v - Brastemp,R$5.999
Lava-louças Electrolux Inox Função Higienizar 14 Programas,R$11.314
Lava-louças Electrolux 14 Serviços Inox C/ Função Higienizar,R$11.319
Lava-louças De Piso Electrolux Com 14 Serviços Inox 220v,R$11.319
Lava Louças Electrolux 14 Serviços Experience Preto 220v,R$4.399
Lava Louças Electrolux 14 Serviços Branca Com Função Higieni,R$4.399
Lava Louças 14 Serviços Ll14x Inox Electrolux 110V,R$5.049
Lava-louças Electrolux Pro Series Lp14v 14 Serviços Preta,R$7.999
Lava Louças Electrolux 14 Serviços Experience Preto 127v ,R$4.399
 Midea DWA14b2 lava-louças 14 serviços branca 220v cor branco,R$2.989
Lava Louças Midea 14 Serviços Preta Voltagem 220v,R$3.049
Lava-louças Electrolux 14 Serviços Inox Com Função Higieniza,R$5.049
Lava-louças Electrolux 14 Serviços Pro Series(lp14v) 110/220,R$7.499
Lava-louças 14 Serviços Pro Series Electrolux (lp14v) - ,R$6.999
Cj Placa Potencia/interf Ll14p A09970701 Pnc 946521388-00,R$780
Lava Louças 14 Serviços Midea Cor Branca,R$3.049
Lava Louças Philco Pll14id Digital 14 Serviços Cor Única 220V,R$3.299
Lava Louças 14 Serviços Black Digital 127v - Electrolux,R$6.899
Lava Louças 14 Serviços Branca 85x45x64cm 127v - Brastemp,R$5.999
Lava Louças Midea 14 Serviços Pré Lavagem Cinza Dwa14s2 22 220V,R$4.197
Lava-louças Eos 14 Serviços Prata Ell14s 220v,R$3.609
Lava-louças Electrolux Pro Series Lp14v De 14 Serviços 127v,R$7.199
Lava Louças Digital 14 Serviços 84x61x60cm 127v - Electrolux,R$6.599
Lava-louças Samsung Com 14 Serviços Inox (220v),R$4.559
Lava-louças Samsung com 14 serviços Black Inox (220V),R$4.508
Lava Louças Electrolux 14 Serviços Ll14x 24601tbc189 110v,R$5.549
Lava Louças Eos 14 Serviços Ell14s Inox Prata 220v,R$4.550
Lava-louças Preto Panasonic - Np-6m1mbkbrp 220V,R$4.454
Lava-louças Panasonic 15 Serviços E Design Premium Preta - N,R$4.899
Lavadora De Louças Midea 14 Serviços Cinza Dwa14s1.dwa14s2,R$3.574
Lava Louças Electrolux 14 Serviços Experience Preto 127v ,R$4.198
Lava Louças Midea 14 Serviços Branca,R$3.049
Lava Louças 14 Serviços Ll14x Inox Electrolux 220V,R$4.413
Lava-louças Electrolux 14 Serviços Preta (ll14p) 220V,R$4.598
Lava-louças Electrolux 14 Serviços Preta (ll14p) 127V,R$4.598
Lava Louças Electrolux 14 Serviços Branca Com Função Higieni,R$4.399
Lava-louças Electrolux 14 Serviços Pro Series (lp14v) Cor Preto 220V,R$9.399
Lava-louças Brastemp BLF14 de 14 serviços branca 127V,R$4.356
Lava-louças Electrolux 14 Serviços Ll14x 220v 24601tbc289 Cor Cinza,R$5.138
Lava-louças Electrolux Pro Series LP14V de 14 serviços preta 127V,R$9.399
Lava-louças Electrolux 14 Serviços Preta (ll14p),R$4.399
Lava Louça Ll14x 220 Electrolux,R$4.588
Lava-louças Electrolux 14 Serviços Pro Series (lp14v),R$9.399
Lava Louças Electrolux 14 Serviços Experience Preto 220v,R$4.399
Lava-louças Electrolux 14 Serviços Função Higienizar Compras,R$11.314
Lava Louças Electrolux 14 Serviços Painel Touch Inox 220v,R$11.314
Lava-louças Electrolux Pro Series Painel Dig Preta - Lp14v,R$10.690
Lava-louças Inox 14 Serviços 7 Programas  Pré-lavar 220v,R$11.314
"Lava-louças Electrolux Com A Porta Inox, 14 Serviços, 07 Pro",R$5.138
"Lava-louças Electrolux Pro Series Com 14 Serviços, 11 Progra",R$10.398
Lava Louças 14 Serviços Branca 85x45x64cm 220v - Brastemp,R$5.999
Lava-louças Electrolux Inox Função Higienizar 14 Programas,R$11.314
Lava-louças Electrolux 14 Serviços Inox C/ Função Higienizar,R$11.319
Lava-louças De Piso Electrolux Com 14 Serviços Inox 220v,R$11.319
Lava Louças Electrolux 14 Serviços Experience Preto 220v,R$4.399
Lava Louças Electrolux 14 Serviços Branca Com Função Higieni,R$4.399
Lava Louças 14 Serviços Ll14x Inox Electrolux 110V,R$5.049
Lava-louças Electrolux Pro Series Lp14v 14 Serviços Preta,R$7.999
Lava Louças Electrolux 14 Serviços Experience Preto 127v ,R$4.399
 Midea DWA14b2 lava-louças 14 serviços branca 220v cor branco,R$2.989
Lava Louças Midea 14 Serviços Preta Voltagem 220v,R$3.049
Lava-louças Electrolux 14 Serviços Inox Com Função Higieniza,R$5.049
Lava-louças Electrolux 14 Serviços Pro Series(lp14v) 110/220,R$7.499
Lava-louças 14 Serviços Pro Series Electrolux (lp14v) - ,R$6.999
Cj Placa Potencia/interf Ll14p A09970701 Pnc 946521388-00,R$780
Lava Louças 14 Serviços Midea Cor Branca,R$3.049
Lava Louças Philco Pll14id Digital 14 Serviços Cor Única 220V,R$3.299
Lava Louças 14 Serviços Black Digital 127v - Electrolux,R$6.899
Lava Louças 14 Serviços Branca 85x45x64cm 127v - Brastemp,R$5.999
Lava Louças Midea 14 Serviços Pré Lavagem Cinza Dwa14s2 22 220V,R$4.197
Lava-louças Eos 14 Serviços Prata Ell14s 220v,R$3.609
Lava-louças Electrolux Pro Series Lp14v De 14 Serviços 127v,R$7.199
Lava Louças Digital 14 Serviços 84x61x60cm 127v - Electrolux,R$6.599
Lava-louças Samsung Com 14 Serviços Inox (220v),R$4.559
Lava-louças Samsung com 14 serviços Black Inox (220V),R$4.508
Lava Louças Electrolux 14 Serviços Ll14x 24601tbc189 110v,R$5.549
Lava Louças Eos 14 Serviços Ell14s Inox Prata 220v,R$4.550
Lava-louças Preto Panasonic - Np-6m1mbkbrp 220V,R$4.454
Lava-louças Panasonic 15 Serviços E Design Premium Preta - N,R$4.899
Lavadora De Louças Midea 14 Serviços Cinza Dwa14s1.dwa14s2,R$3.574
Lava Louças Electrolux 14 Serviços Experience Preto 127v ,R$4.198
Lava Louças Midea 14 Serviços Branca,R$3.049
Lava Louças 14 Serviços Ll14x Inox Electrolux 220V,R$4.413
Lava-louças Electrolux 14 Serviços Preta (ll14p) 220V,R$4.598
Lava-louças Electrolux 14 Serviços Preta (ll14p) 127V,R$4.598
Lava Louças Electrolux 14 Serviços Branca Com Função Higieni,R$4.399
Lava-louças Electrolux 14 Serviços Pro Series (lp14v) Cor Preto 220V,R$9.399
Lava-louças Brastemp BLF14 de 14 serviços branca 127V,R$4.356
Lava-louças Electrolux 14 Serviços Ll14x 220v 24601tbc289 Cor Cinza,R$5.138
Lava-louças Electrolux Pro Series LP14V de 14 serviços preta 127V,R$9.399
Lava-louças Electrolux 14 Serviços Preta (ll14p),R$4.399
Lava Louça Ll14x 220 Electrolux,R$4.588
Lava-louças Electrolux 14 Serviços Pro Series (lp14v),R$9.399
Lava Louças Electrolux 14 Serviços Experience Preto 220v,R$4.399
Lava-louças Electrolux 14 Serviços Função Higienizar Compras,R$11.314
Lava Louças Electrolux 14 Serviços Painel Touch Inox 220v,R$11.314
Lava-louças Electrolux Pro Series Painel Dig Preta - Lp14v,R$10.690
Lava-louças Inox 14 Serviços 7 Programas  Pré-lavar 220v,R$11.314
"Lava-louças Electrolux Com A Porta Inox, 14 Serviços, 07 Pro",R$5.138
"Lava-louças Electrolux Pro Series Com 14 Serviços, 11 Progra",R$10.398
Lava Louças 14 Serviços Branca 85x45x64cm 220v - Brastemp,R$5.999
Lava-louças Electrolux Inox Função Higienizar 14 Programas,R$11.314
Lava-louças Electrolux 14 Serviços Inox C/ Função Higienizar,R$11.319
Lava-louças De Piso Electrolux Com 14 Serviços Inox 220v,R$11.319
Lava Louças Electrolux 14 Serviços Experience Preto 220v,R$4.399
Lava Louças Electrolux 14 Serviços Branca Com Função Higieni,R$4.399
Lava Louças 14 Serviços Ll14x Inox Electrolux 110V,R$5.049
Lava-louças Electrolux Pro Series Lp14v 14 Serviços Preta,R$7.999
Lava Louças Electrolux 14 Serviços Experience Preto 127v ,R$4.399
 Midea DWA14b2 lava-louças 14 serviços branca 220v cor branco,R$2.989
Lava Louças Midea 14 Serviços Preta Voltagem 220v,R$3.049
Lava-louças Electrolux 14 Serviços Inox Com Função Higieniza,R$5.049
Lava-louças Electrolux 14 Serviços Pro Series(lp14v) 110/220,R$7.499
Lava-louças 14 Serviços Pro Series Electrolux (lp14v) - ,R$6.999
Cj Placa Potencia/interf Ll14p A09970701 Pnc 946521388-00,R$780
Lava Louças 14 Serviços Midea Cor Branca,R$3.049
Lava Louças Philco Pll14id Digital 14 Serviços Cor Única 220V,R$3.299
Lava Louças 14 Serviços Black Digital 127v - Electrolux,R$6.899
Lava Louças 14 Serviços Branca 85x45x64cm 127v - Brastemp,R$5.999
Lava Louças Midea 14 Serviços Pré Lavagem Cinza Dwa14s2 22 220V,R$4.197
Lava-louças Eos 14 Serviços Prata Ell14s 220v,R$3.609
Lava-louças Electrolux Pro Series Lp14v De 14 Serviços 127v,R$7.199
Lava Louças Digital 14 Serviços 84x61x60cm 127v - Electrolux,R$6.599
Lava-louças Samsung Com 14 Serviços Inox (220v),R$4.559
Lava-louças Samsung com 14 serviços Black Inox (220V),R$4.508
Lava Louças Electrolux 14 Serviços Ll14x 24601tbc189 110v,R$5.549
Lava Louças Eos 14 Serviços Ell14s Inox Prata 220v,R$4.550
Lava-louças Preto Panasonic - Np-6m1mbkbrp 220V,R$4.454
Lava-louças Panasonic 15 Serviços E Design Premium Preta - N,R$4.899
Lavadora De Louças Midea 14 Serviços Cinza Dwa14s1.dwa14s2,R$3.574
Lava Louças Electrolux 14 Serviços Experience Preto 127v ,R$4.198
Lava Louças Midea 14 Serviços Branca,R$3.049
