transaction_id,date,amount,currency,category,status
1,2024-01-01,618.1,BRL,Entertainment,Failed
2,2024-01-02,9260.71,EUR,Rent,Failed
3,2024-01-03,5979.91,BRL,Entertainment,Failed
4,2024-01-04,3979.88,BRL,Electronics,Completed
5,2024-01-05,-2659.72,USD,Entertainment,Failed
6,2024-01-06,-2660.08,USD,Groceries,Completed
7,2024-01-07,-4128.75,BRL,Electronics,Failed
8,2024-01-08,7992.64,USD,Electronics,Completed
9,2024-01-09,4016.73,EUR,Rent,Failed
10,2024-01-10,5621.09,EUR,Clothing,Pending
11,2024-01-11,-4691.23,USD,Electronics,Failed
12,2024-01-12,9548.65,EUR,Clothing,Failed
13,2024-01-13,7486.64,USD,Entertainment,Completed
14,2024-01-14,-1814.91,BRL,Groceries,Completed
15,2024-01-15,-2272.63,BRL,Rent,Failed
16,2024-01-16,-2248.93,EUR,Clothing,Pending
17,2024-01-17,-436.37,USD,Electronics,Pending
18,2024-01-18,2871.35,USD,Clothing,Completed
19,2024-01-19,1479.18,EUR,Electronics,Pending
20,2024-01-20,-631.56,BRL,Clothing,Failed
21,2024-01-21,4177.79,EUR,Electronics,Completed
22,2024-01-22,-2907.59,BRL,Entertainment,Failed
23,2024-01-23,-617.83,USD,Electronics,Completed
24,2024-01-24,495.43,BRL,Electronics,Completed
25,2024-01-25,1841.05,EUR,Groceries,Completed
26,2024-01-26,6777.64,USD,Electronics,Completed
27,2024-01-27,-2004.89,EUR,Groceries,Pending
28,2024-01-28,2713.52,EUR,Rent,Failed
29,2024-01-29,3886.22,BRL,Groceries,Failed
30,2024-01-30,-4303.24,EUR,Entertainment,Failed
31,2024-01-31,4113.17,BRL,Groceries,Completed
32,2024-02-01,-2442.14,USD,Rent,Pending
33,2024-02-02,-4024.23,BRL,Entertainment,Failed
34,2024-02-03,9233.28,USD,Clothing,Pending
35,2024-02-04,9484.48,BRL,Clothing,Completed
36,2024-02-05,7125.96,EUR,Groceries,Failed
37,2024-02-06,-430.79,BRL,Groceries,Pending
38,2024-02-07,-3534.92,BRL,Rent,Completed
39,2024-02-08,5263.5,USD,Rent,Pending
40,2024-02-09,1602.29,EUR,Electronics,Failed
41,2024-02-10,-3169.43,BRL,Rent,Failed
42,2024-02-11,2427.65,EUR,Electronics,Completed
43,2024-02-12,-4484.17,BRL,Entertainment,Completed
44,2024-02-13,8639.81,BRL,Groceries,Completed
45,2024-02-14,-1118.3,EUR,Entertainment,Pending
46,2024-02-15,4937.83,BRL,Rent,Pending
47,2024-02-16,-324.33,EUR,Entertainment,Pending
48,2024-02-17,2801.02,BRL,Entertainment,Completed
49,2024-02-18,3200.65,USD,Entertainment,Failed
50,2024-02-19,-2227.18,EUR,Rent,Failed
51,2024-02-20,9543.77,BRL,Entertainment,Pending
52,2024-02-21,6626.99,BRL,Electronics,Pending
53,2024-02-22,9092.48,USD,Rent,Failed
54,2024-02-23,8422.41,EUR,Entertainment,Failed
55,2024-02-24,3968.5,BRL,Rent,Pending
56,2024-02-25,8828.11,USD,Clothing,Pending
57,2024-02-26,-3672.61,BRL,Electronics,Failed
58,2024-02-27,-2060.26,EUR,Entertainment,Completed
59,2024-02-28,-4321.59,BRL,Clothing,Pending
60,2024-02-29,-120.05,BRL,Clothing,Failed
61,2024-03-01,830.16,BRL,Rent,Failed
62,2024-03-02,-929.76,BRL,Clothing,Failed
63,2024-03-03,7431.06,USD,Electronics,Failed
64,2024-03-04,351.3,USD,Electronics,Completed
65,2024-03-05,-785.98,EUR,Groceries,Failed
66,2024-03-06,3140.44,USD,Electronics,Pending
67,2024-03-07,-2886.14,USD,Clothing,Completed
68,2024-03-08,7032.95,EUR,Electronics,Failed
69,2024-03-09,-3881.74,USD,Rent,Completed
70,2024-03-10,9803.3,USD,Groceries,Pending
71,2024-03-11,6583.67,EUR,Clothing,Failed
72,2024-03-12,-2019.26,EUR,Groceries,Pending
73,2024-03-13,-4917.17,EUR,Clothing,Failed
74,2024-03-14,7231.92,BRL,Rent,Failed
75,2024-03-15,5602.86,BRL,Groceries,Failed
76,2024-03-16,5935.11,EUR,Entertainment,Failed
77,2024-03-17,6569.06,EUR,Clothing,Failed
78,2024-03-18,-3889.33,EUR,Entertainment,Completed
79,2024-03-19,376.99,BRL,Groceries,Failed
80,2024-03-20,-3261.96,BRL,Entertainment,Failed
81,2024-03-21,7946.55,USD,Entertainment,Completed
82,2024-03-22,4349.47,USD,Groceries,Completed
83,2024-03-23,-36.53,EUR,Rent,Completed
84,2024-03-24,-4046.62,BRL,Entertainment,Completed
85,2024-03-25,-335.27,BRL,Entertainment,Completed
86,2024-03-26,-122.25,BRL,Rent,Completed
87,2024-03-27,5944.09,EUR,Entertainment,Failed
88,2024-03-28,4563.36,USD,Entertainment,Failed
89,2024-03-29,8308.19,EUR,Entertainment,Pending
90,2024-03-30,2083.22,USD,Electronics,Failed
91,2024-03-31,-3206.09,USD,Rent,Failed
92,2024-04-01,5698.67,EUR,Entertainment,Completed
93,2024-04-02,6411.78,USD,Rent,Completed
94,2024-04-03,3419.16,USD,Clothing,Failed
95,2024-04-04,6564.51,BRL,Clothing,Pending
96,2024-04-05,2406.93,USD,Entertainment,Completed
97,2024-04-06,2840.99,EUR,Rent,Failed
98,2024-04-07,1413.12,EUR,Rent,Failed
99,2024-04-08,-4618.71,USD,Rent,Pending
100,2024-04-09,-3381.63,BRL,Electronics,Pending
101,2024-04-10,-4528.56,BRL,Clothing,Completed
102,2024-04-11,4546.16,USD,Rent,Pending
103,2024-04-12,-284.66,USD,Rent,Failed
104,2024-04-13,2628.56,EUR,Electronics,Failed
105,2024-04-14,8613.5,USD,Electronics,Pending
106,2024-04-15,-1260.62,BRL,Rent,Pending
107,2024-04-16,1155.74,USD,Groceries,Pending
108,2024-04-17,6333.27,EUR,Rent,Pending
109,2024-04-18,-1568.03,EUR,Rent,Completed
110,2024-04-19,-3845.3,EUR,Electronics,Pending
111,2024-04-20,-653.73,EUR,Electronics,Completed
112,2024-04-21,-2581.68,EUR,Rent,Failed
113,2024-04-22,8945.46,USD,Rent,Pending
114,2024-04-23,7121.81,USD,Rent,Completed
115,2024-04-24,4501.06,USD,Electronics,Pending
116,2024-04-25,8071.91,USD,Rent,Failed
117,2024-04-26,7055.08,EUR,Rent,Failed
118,2024-04-27,-2201.45,BRL,Entertainment,Failed
119,2024-04-28,8388.38,USD,Groceries,Pending
120,2024-04-29,3090.13,BRL,Clothing,Pending
121,2024-04-30,7111.6,USD,Groceries,Completed
122,2024-05-01,8441.37,USD,Entertainment,Failed
123,2024-05-02,-229.95,BRL,Clothing,Pending
124,2024-05-03,-3349.22,EUR,Rent,Failed
125,2024-05-04,-1580.97,USD,Entertainment,Failed
126,2024-05-05,1406.62,USD,Rent,Completed
127,2024-05-06,7270.22,USD,Electronics,Completed
128,2024-05-07,7910.96,BRL,Entertainment,Completed
129,2024-05-08,-4895.72,EUR,Electronics,Completed
130,2024-05-09,2661.21,BRL,Entertainment,Failed
131,2024-05-10,1261.17,BRL,Entertainment,Completed
132,2024-05-11,-1668.38,EUR,Electronics,Completed
133,2024-05-12,-3202.02,BRL,Clothing,Completed
134,2024-05-13,64.23,EUR,Groceries,Completed
135,2024-05-14,9143.65,USD,Rent,Failed
136,2024-05-15,-151.96,EUR,Entertainment,Completed
137,2024-05-16,2781.86,USD,Rent,Failed
138,2024-05-17,5545.28,BRL,Electronics,Pending
139,2024-05-18,454.44,BRL,Rent,Failed
140,2024-05-19,9576.73,USD,Electronics,Failed
141,2024-05-20,9436.71,BRL,Rent,Completed
142,2024-05-21,-1223.27,EUR,Groceries,Pending
143,2024-05-22,2458.73,USD,Groceries,Pending
144,2024-05-23,-486.83,BRL,Groceries,Pending
145,2024-05-24,-727.39,USD,Groceries,Pending
146,2024-05-25,-4446.7,EUR,Groceries,Failed
147,2024-05-26,4143.47,EUR,Groceries,Pending
148,2024-05-27,2540.19,BRL,Electronics,Failed
149,2024-05-28,-4227.82,EUR,Entertainment,Failed
150,2024-05-29,-820.3,USD,Rent,Failed
151,2024-05-30,8623.99,EUR,Groceries,Pending
152,2024-05-31,-1406.57,USD,Electronics,Completed
153,2024-06-01,-2826.58,USD,Electronics,Completed
154,2024-06-02,2341.79,EUR,Electronics,Pending
155,2024-06-03,9784.76,BRL,Entertainment,Completed
156,2024-06-04,-1369.17,EUR,Rent,Completed
157,2024-06-05,5082.03,USD,Entertainment,Failed
158,2024-06-06,6424.29,USD,Clothing,Failed
159,2024-06-07,-1435.44,EUR,Electronics,Pending
160,2024-06-08,5923.25,BRL,Clothing,Pending
161,2024-06-09,516.75,BRL,Groceries,Completed
162,2024-06-10,4484.59,USD,Groceries,Failed
163,2024-06-11,4502.95,USD,Entertainment,Pending
164,2024-06-12,3036.62,BRL,Rent,Pending
165,2024-06-13,-3645.65,EUR,Clothing,Pending
166,2024-06-14,7529.54,USD,Rent,Pending
167,2024-06-15,-188.3,USD,Entertainment,Pending
168,2024-06-16,-2202.22,BRL,Groceries,Pending
169,2024-06-17,-4388.37,EUR,Rent,Completed
170,2024-06-18,3863.39,BRL,Rent,Failed
171,2024-06-19,5163.47,EUR,Groceries,Failed
172,2024-06-20,-4751.18,EUR,Clothing,Pending
173,2024-06-21,2681.4,EUR,Groceries,Failed
174,2024-06-22,-1602.56,USD,Rent,Failed
175,2024-06-23,4677.59,BRL,Clothing,Failed
176,2024-06-24,-2384.5,BRL,Clothing,Pending
177,2024-06-25,5364.07,EUR,Groceries,Pending
178,2024-06-26,801.03,USD,Rent,Failed
179,2024-06-27,9050.95,USD,Entertainment,Failed
180,2024-06-28,-2937.19,BRL,Rent,Pending
181,2024-06-29,116.0,USD,Electronics,Completed
182,2024-06-30,-3297.9,USD,Entertainment,Failed
183,2024-07-01,8870.4,EUR,Clothing,Completed
184,2024-07-02,8160.09,USD,Entertainment,Failed
185,2024-07-03,-1130.88,EUR,Clothing,Completed
186,2024-07-04,4899.76,BRL,Clothing,Completed
187,2024-07-05,7258.33,USD,Entertainment,Completed
188,2024-07-06,3328.01,BRL,Clothing,Pending
189,2024-07-07,2944.76,BRL,Clothing,Completed
190,2024-07-08,-1372.22,USD,Electronics,Completed
191,2024-07-09,-3603.46,USD,Rent,Completed
192,2024-07-10,8458.24,BRL,Rent,Failed
193,2024-07-11,8506.27,USD,Electronics,Completed
194,2024-07-12,4496.52,EUR,Entertainment,Failed
195,2024-07-13,85.45,EUR,Groceries,Completed
196,2024-07-14,238.14,USD,Groceries,Completed
197,2024-07-15,5889.34,BRL,Groceries,Pending
198,2024-07-16,8456.65,USD,Electronics,Failed
199,2024-07-17,8306.3,USD,Electronics,Completed
200,2024-07-18,6698.13,BRL,Clothing,Failed
201,2024-07-19,4630.47,BRL,Groceries,Failed
202,2024-07-20,-3737.9,EUR,Entertainment,Pending
203,2024-07-21,-2575.57,BRL,Entertainment,Pending
204,2024-07-22,8478.31,EUR,Groceries,Pending
205,2024-07-23,4096.44,BRL,Groceries,Pending
206,2024-07-24,-4862.04,USD,Groceries,Pending
207,2024-07-25,-3477.93,EUR,Electronics,Pending
208,2024-07-26,4952.53,EUR,Electronics,Pending
209,2024-07-27,-4924.08,EUR,Electronics,Pending
210,2024-07-28,-2587.88,USD,Rent,Completed
211,2024-07-29,3231.01,USD,Entertainment,Failed
212,2024-07-30,5378.43,USD,Entertainment,Pending
213,2024-07-31,4779.42,USD,Clothing,Pending
214,2024-08-01,-1635.96,USD,Electronics,Failed
215,2024-08-02,5682.69,EUR,Rent,Completed
216,2024-08-03,-1441.26,USD,Rent,Failed
217,2024-08-04,-119.0,EUR,Entertainment,Failed
218,2024-08-05,6197.37,USD,Electronics,Pending
219,2024-08-06,4744.49,BRL,Clothing,Failed
220,2024-08-07,7738.35,EUR,Electronics,Failed
221,2024-08-08,4864.19,BRL,Groceries,Pending
222,2024-08-09,3524.63,EUR,Electronics,Pending
223,2024-08-10,-3594.88,BRL,Groceries,Pending
224,2024-08-11,515.74,USD,Groceries,Pending
225,2024-08-12,-1021.96,USD,Clothing,Failed
226,2024-08-13,-1340.16,USD,Entertainment,Failed
227,2024-08-14,9595.16,EUR,Electronics,Completed
228,2024-08-15,896.47,BRL,Groceries,Completed
229,2024-08-16,8380.7,USD,Electronics,Failed
230,2024-08-17,4467.08,BRL,Entertainment,Completed
231,2024-08-18,6922.17,BRL,Entertainment,Failed
232,2024-08-19,2539.56,USD,Rent,Completed
233,2024-08-20,3653.56,USD,Entertainment,Pending
234,2024-08-21,2387.77,BRL,Clothing,Completed
235,2024-08-22,-2071.36,USD,Groceries,Pending
236,2024-08-23,5836.78,USD,Rent,Pending
237,2024-08-24,-788.41,USD,Clothing,Pending
238,2024-08-25,-4635.26,EUR,Electronics,Pending
239,2024-08-26,4682.08,BRL,Groceries,Completed
240,2024-08-27,-2343.34,BRL,Entertainment,Failed
241,2024-08-28,9106.88,EUR,Groceries,Pending
242,2024-08-29,9308.93,BRL,Electronics,Completed
243,2024-08-30,8722.97,USD,Rent,Pending
244,2024-08-31,552.38,BRL,Rent,Completed
245,2024-09-01,-4768.15,USD,Rent,Completed
246,2024-09-02,8924.78,EUR,Entertainment,Completed
247,2024-09-03,1422.76,USD,Clothing,Failed
248,2024-09-04,9499.82,BRL,Clothing,Completed
249,2024-09-05,9454.3,BRL,Groceries,Completed
250,2024-09-06,7795.14,BRL,Entertainment,Failed
251,2024-09-07,-583.27,EUR,Rent,Failed
252,2024-09-08,776.47,EUR,Rent,Completed
253,2024-09-09,7767.05,BRL,Electronics,Failed
254,2024-09-10,-246.17,USD,Electronics,Pending
255,2024-09-11,-2457.61,EUR,Rent,Pending
256,2024-09-12,3352.02,BRL,Rent,Failed
257,2024-09-13,9042.32,BRL,Entertainment,Failed
258,2024-09-14,5440.45,EUR,Clothing,Completed
259,2024-09-15,3550.92,EUR,Electronics,Failed
260,2024-09-16,-3542.35,EUR,Clothing,Completed
261,2024-09-17,4225.11,USD,Entertainment,Pending
262,2024-09-18,9850.81,USD,Rent,Failed
263,2024-09-19,-2898.74,BRL,Clothing,Completed
264,2024-09-20,2774.94,EUR,Rent,Completed
265,2024-09-21,8160.6,USD,Rent,Pending
266,2024-09-22,6111.53,EUR,Groceries,Failed
267,2024-09-23,5455.24,BRL,Clothing,Pending
268,2024-09-24,5537.26,USD,Clothing,Completed
269,2024-09-25,392.37,USD,Rent,Completed
270,2024-09-26,-596.12,USD,Entertainment,Failed
271,2024-09-27,7140.42,BRL,Groceries,Completed
272,2024-09-28,7151.7,EUR,Rent,Failed
273,2024-09-29,8006.08,USD,Electronics,Pending
274,2024-09-30,8698.61,BRL,Electronics,Failed
275,2024-10-01,2670.14,EUR,Groceries,Failed
276,2024-10-02,2522.74,BRL,Entertainment,Completed
277,2024-10-03,6974.43,EUR,Rent,Completed
278,2024-10-04,4749.46,BRL,Clothing,Failed
279,2024-10-05,5529.5,EUR,Groceries,Completed
280,2024-10-06,6936.89,USD,Entertainment,Completed
281,2024-10-07,8350.08,EUR,Clothing,Completed
282,2024-10-08,69.93,BRL,Electronics,Failed
283,2024-10-09,633.74,BRL,Electronics,Completed
284,2024-10-10,-3590.27,EUR,Clothing,Failed
285,2024-10-11,3674.2,USD,Groceries,Completed
286,2024-10-12,-4460.87,USD,Electronics,Pending
287,2024-10-13,1983.97,EUR,Rent,Completed
288,2024-10-14,3139.67,EUR,Clothing,Completed
289,2024-10-15,-701.88,BRL,Clothing,Failed
290,2024-10-16,3862.5,USD,Electronics,Failed
291,2024-10-17,-4542.5,EUR,Groceries,Completed
292,2024-10-18,-4439.78,USD,Rent,Pending
293,2024-10-19,7339.01,EUR,Groceries,Completed
294,2024-10-20,402.86,EUR,Entertainment,Completed
295,2024-10-21,-3094.09,USD,Entertainment,Pending
296,2024-10-22,2833.65,EUR,Electronics,Failed
297,2024-10-23,6549.9,EUR,Electronics,Completed
298,2024-10-24,-1762.68,BRL,Electronics,Failed
299,2024-10-25,4343.36,EUR,Entertainment,Failed
300,2024-10-26,-3719.79,EUR,Groceries,Pending
301,2024-10-27,-4224.77,EUR,Groceries,Pending
302,2024-10-28,2970.32,BRL,Electronics,Failed
303,2024-10-29,3109.53,USD,Rent,Completed
304,2024-10-30,4561.45,BRL,Groceries,Failed
305,2024-10-31,5891.37,BRL,Entertainment,Completed
306,2024-11-01,9637.78,USD,Clothing,Completed
307,2024-11-02,2744.51,BRL,Clothing,Pending
308,2024-11-03,-155.65,USD,Clothing,Completed
309,2024-11-04,6927.79,BRL,Rent,Completed
310,2024-11-05,-937.52,USD,Electronics,Failed
311,2024-11-06,1584.57,EUR,Entertainment,Pending
312,2024-11-07,-3823.15,BRL,Rent,Completed
313,2024-11-08,-4619.74,BRL,Entertainment,Completed
314,2024-11-09,9439.73,BRL,Entertainment,Pending
315,2024-11-10,7539.7,BRL,Electronics,Failed
316,2024-11-11,5439.61,EUR,Clothing,Pending
317,2024-11-12,1134.29,BRL,Electronics,Pending
318,2024-11-13,-2400.59,EUR,Rent,Completed
319,2024-11-14,-2653.44,EUR,Rent,Completed
320,2024-11-15,-1246.36,EUR,Rent,Failed
321,2024-11-16,3238.4,EUR,Electronics,Completed
322,2024-11-17,5718.94,USD,Entertainment,Completed
323,2024-11-18,4902.96,USD,Entertainment,Pending
324,2024-11-19,-800.99,BRL,Groceries,Completed
325,2024-11-20,9322.98,USD,Rent,Failed
326,2024-11-21,6068.45,USD,Entertainment,Pending
327,2024-11-22,3315.31,BRL,Groceries,Failed
328,2024-11-23,4175.81,BRL,Entertainment,Pending
329,2024-11-24,1294.0,BRL,Rent,Completed
330,2024-11-25,-1284.04,USD,Clothing,Pending
331,2024-11-26,339.59,USD,Rent,Pending
332,2024-11-27,6367.69,BRL,Electronics,Completed
333,2024-11-28,-4784.1,EUR,Entertainment,Completed
334,2024-11-29,-3258.91,BRL,Entertainment,Failed
335,2024-11-30,-4309.96,EUR,Electronics,Failed
336,2024-12-01,-4389.07,EUR,Electronics,Completed
337,2024-12-02,7831.91,BRL,Clothing,Completed
338,2024-12-03,5554.87,BRL,Entertainment,Completed
339,2024-12-04,2112.61,BRL,Entertainment,Pending
340,2024-12-05,-3532.49,USD,Clothing,Pending
341,2024-12-06,2374.24,EUR,Groceries,Pending
342,2024-12-07,2102.08,USD,Clothing,Completed
343,2024-12-08,-2401.97,USD,Rent,Failed
344,2024-12-09,1507.77,BRL,Entertainment,Completed
345,2024-12-10,977.57,USD,Electronics,Pending
346,2024-12-11,4237.75,BRL,Rent,Pending
347,2024-12-12,4526.4,EUR,Entertainment,Completed
348,2024-12-13,-4320.44,BRL,Clothing,Completed
349,2024-12-14,619.19,USD,Rent,Pending
350,2024-12-15,4387.9,USD,Entertainment,Pending
351,2024-12-16,2547.04,BRL,Groceries,Pending
352,2024-12-17,7847.35,BRL,Groceries,Completed
353,2024-12-18,4880.4,USD,Electronics,Pending
354,2024-12-19,-2555.98,EUR,Entertainment,Pending
355,2024-12-20,-3941.47,EUR,Groceries,Failed
356,2024-12-21,4636.29,BRL,Clothing,Completed
357,2024-12-22,-4602.33,EUR,Entertainment,Failed
358,2024-12-23,3786.63,USD,Clothing,Failed
359,2024-12-24,9103.45,BRL,Clothing,Pending
360,2024-12-25,3632.11,USD,Groceries,Completed
361,2024-12-26,822.55,USD,Entertainment,Pending
362,2024-12-27,4649.32,EUR,Rent,Completed
363,2024-12-28,1873.79,BRL,Groceries,Failed
364,2024-12-29,3184.25,BRL,Groceries,Completed
365,2024-12-30,9121.97,EUR,Entertainment,Pending
366,2024-12-31,791.54,USD,Entertainment,Pending
367,2025-01-01,9417.86,USD,Clothing,Pending
368,2025-01-02,8580.26,USD,Entertainment,Completed
369,2025-01-03,-2063.13,USD,Clothing,Failed
370,2025-01-04,-3959.58,BRL,Groceries,Failed
371,2025-01-05,-3488.33,BRL,Electronics,Completed
372,2025-01-06,-4726.67,EUR,Rent,Pending
373,2025-01-07,-3583.36,EUR,Groceries,Failed
374,2025-01-08,5245.1,BRL,Entertainment,Pending
375,2025-01-09,-3932.17,BRL,Rent,Completed
376,2025-01-10,-215.37,USD,Electronics,Pending
377,2025-01-11,7673.13,USD,Electronics,Failed
378,2025-01-12,-4650.92,EUR,Clothing,Failed
379,2025-01-13,7217.03,BRL,Rent,Pending
380,2025-01-14,-772.18,EUR,Clothing,Completed
381,2025-01-15,-3227.53,BRL,Groceries,Pending
382,2025-01-16,5451.06,USD,Rent,Completed
383,2025-01-17,4434.14,EUR,Groceries,Pending
384,2025-01-18,8162.08,EUR,Clothing,Failed
385,2025-01-19,6026.07,BRL,Rent,Completed
386,2025-01-20,7052.21,USD,Clothing,Completed
387,2025-01-21,-769.48,EUR,Rent,Completed
388,2025-01-22,-2338.41,USD,Clothing,Failed
389,2025-01-23,6259.22,EUR,Electronics,Pending
390,2025-01-24,7102.52,USD,Clothing,Failed
391,2025-01-25,9857.58,BRL,Electronics,Completed
392,2025-01-26,1189.27,EUR,Clothing,Pending
393,2025-01-27,580.27,EUR,Rent,Failed
394,2025-01-28,6646.19,USD,Rent,Completed
395,2025-01-29,112.05,USD,Rent,Completed
396,2025-01-30,8961.36,EUR,Entertainment,Failed
397,2025-01-31,7876.19,BRL,Groceries,Failed
398,2025-02-01,1434.91,USD,Rent,Failed
399,2025-02-02,6263.07,USD,Electronics,Completed
400,2025-02-03,6318.14,USD,Rent,Failed
401,2025-02-04,-3453.14,EUR,Entertainment,Completed
402,2025-02-05,8538.29,EUR,Electronics,Failed
403,2025-02-06,2578.79,EUR,Entertainment,Completed
404,2025-02-07,7396.86,EUR,Electronics,Completed
405,2025-02-08,-199.26,BRL,Clothing,Pending
406,2025-02-09,8432.85,BRL,Groceries,Failed
407,2025-02-10,838.03,EUR,Groceries,Failed
408,2025-02-11,-4837.44,BRL,Entertainment,Completed
409,2025-02-12,8580.73,USD,Groceries,Completed
410,2025-02-13,-3630.7,USD,Entertainment,Completed
411,2025-02-14,-210.3,USD,Entertainment,Pending
412,2025-02-15,9250.93,EUR,Entertainment,Pending
413,2025-02-16,9259.11,USD,Groceries,Completed
414,2025-02-17,3601.57,BRL,Entertainment,Failed
415,2025-02-18,4477.56,EUR,Groceries,Failed
416,2025-02-19,1726.68,BRL,Entertainment,Pending
417,2025-02-20,-601.84,USD,Rent,Pending
418,2025-02-21,-70.03,USD,Entertainment,Completed
419,2025-02-22,5087.78,USD,Electronics,Failed
420,2025-02-23,6285.62,EUR,Entertainment,Completed
421,2025-02-24,6873.69,BRL,Clothing,Pending
422,2025-02-25,6844.27,EUR,Entertainment,Failed
423,2025-02-26,-3631.91,EUR,Electronics,Failed
424,2025-02-27,2416.3,USD,Electronics,Pending
425,2025-02-28,-4136.62,EUR,Groceries,Completed
426,2025-03-01,3242.93,EUR,Rent,Completed
427,2025-03-02,1622.96,USD,Entertainment,Failed
428,2025-03-03,8315.56,EUR,Groceries,Pending
429,2025-03-04,263.73,USD,Rent,Failed
430,2025-03-05,-3243.99,USD,Entertainment,Pending
431,2025-03-06,-2855.12,USD,Clothing,Completed
432,2025-03-07,6422.66,USD,Entertainment,Pending
433,2025-03-08,4273.27,EUR,Electronics,Completed
434,2025-03-09,-3483.16,USD,Electronics,Pending
435,2025-03-10,-3738.4,USD,Clothing,Failed
436,2025-03-11,5514.54,EUR,Groceries,Completed
437,2025-03-12,-3908.55,EUR,Rent,Failed
438,2025-03-13,7327.9,BRL,Entertainment,Failed
439,2025-03-14,5593.63,EUR,Electronics,Completed
440,2025-03-15,-3779.77,EUR,Groceries,Completed
441,2025-03-16,-3727.43,BRL,Clothing,Failed
442,2025-03-17,9799.59,EUR,Electronics,Failed
443,2025-03-18,614.06,EUR,Clothing,Failed
444,2025-03-19,559.63,EUR,Entertainment,Failed
445,2025-03-20,7191.99,EUR,Rent,Completed
446,2025-03-21,9208.73,BRL,Electronics,Completed
447,2025-03-22,9790.02,EUR,Electronics,Failed
448,2025-03-23,6300.67,EUR,Entertainment,Pending
449,2025-03-24,643.89,BRL,Groceries,Pending
450,2025-03-25,-3747.49,USD,Rent,Completed
451,2025-03-26,6657.2,BRL,Electronics,Failed
452,2025-03-27,3376.06,USD,Rent,Failed
453,2025-03-28,1363.33,BRL,Electronics,Completed
454,2025-03-29,8595.32,BRL,Rent,Pending
455,2025-03-30,-3332.04,EUR,Clothing,Pending
456,2025-03-31,2389.38,USD,Electronics,Pending
457,2025-04-01,-4829.7,EUR,Rent,Completed
458,2025-04-02,2029.91,USD,Groceries,Pending
459,2025-04-03,-4155.45,BRL,Clothing,Completed
460,2025-04-04,-3217.73,BRL,Clothing,Completed
461,2025-04-05,-3237.11,USD,Groceries,Failed
462,2025-04-06,4738.15,EUR,Rent,Pending
463,2025-04-07,6190.67,EUR,Entertainment,Completed
464,2025-04-08,3750.53,EUR,Groceries,Pending
465,2025-04-09,9432.59,EUR,Rent,Pending
466,2025-04-10,623.06,BRL,Groceries,Failed
467,2025-04-11,-714.32,BRL,Groceries,Pending
468,2025-04-12,8028.99,BRL,Electronics,Failed
469,2025-04-13,-1646.06,BRL,Rent,Completed
470,2025-04-14,9448.34,BRL,Entertainment,Pending
471,2025-04-15,-4817.68,EUR,Electronics,Completed
472,2025-04-16,9548.18,EUR,Groceries,Pending
473,2025-04-17,-4352.6,EUR,Groceries,Completed
474,2025-04-18,8367.15,EUR,Groceries,Pending
475,2025-04-19,2915.52,BRL,Rent,Pending
476,2025-04-20,9894.47,BRL,Rent,Pending
477,2025-04-21,-3893.05,BRL,Electronics,Pending
478,2025-04-22,3307.81,USD,Entertainment,Pending
479,2025-04-23,9539.54,EUR,Electronics,Pending
480,2025-04-24,2846.47,EUR,Clothing,Pending
481,2025-04-25,4440.98,BRL,Groceries,Pending
482,2025-04-26,5436.23,EUR,Groceries,Pending
483,2025-04-27,1818.12,EUR,Groceries,Completed
484,2025-04-28,4413.37,BRL,Electronics,Failed
485,2025-04-29,3764.71,USD,Electronics,Pending
486,2025-04-30,8517.37,USD,Groceries,Failed
487,2025-05-01,-4318.3,USD,Electronics,Pending
488,2025-05-02,-785.55,BRL,Rent,Pending
489,2025-05-03,9256.17,EUR,Rent,Completed
490,2025-05-04,8353.96,BRL,Electronics,Completed
491,2025-05-05,1834.85,BRL,Groceries,Failed
492,2025-05-06,4301.99,EUR,Electronics,Completed
493,2025-05-07,-839.28,USD,Electronics,Completed
494,2025-05-08,-2178.18,USD,Electronics,Failed
495,2025-05-09,1955.48,BRL,Clothing,Completed
496,2025-05-10,300.28,USD,Rent,Pending
497,2025-05-11,3754.84,BRL,Entertainment,Failed
498,2025-05-12,-3833.98,BRL,Entertainment,Failed
499,2025-05-13,9615.92,EUR,Clothing,Pending
500,2025-05-14,9793.16,EUR,Electronics,Completed
501,2025-05-15,5472.43,EUR,Clothing,Failed
502,2025-05-16,3041.45,BRL,Clothing,Failed
503,2025-05-17,-357.09,EUR,Groceries,Pending
504,2025-05-18,7206.93,USD,Rent,Pending
505,2025-05-19,5270.97,USD,Entertainment,Completed
506,2025-05-20,-2560.75,BRL,Electronics,Failed
507,2025-05-21,8663.91,BRL,Entertainment,Completed
508,2025-05-22,7338.06,EUR,Entertainment,Completed
509,2025-05-23,9247.0,BRL,Rent,Pending
510,2025-05-24,5885.79,BRL,Entertainment,Failed
511,2025-05-25,4201.23,USD,Entertainment,Failed
512,2025-05-26,1273.65,USD,Clothing,Failed
513,2025-05-27,8990.93,EUR,Rent,Pending
514,2025-05-28,7990.96,BRL,Groceries,Pending
515,2025-05-29,-4321.72,BRL,Electronics,Pending
516,2025-05-30,-4604.5,USD,Entertainment,Pending
517,2025-05-31,646.95,BRL,Electronics,Pending
518,2025-06-01,7158.3,USD,Groceries,Failed
519,2025-06-02,9809.14,EUR,Electronics,Completed
520,2025-06-03,-2743.75,USD,Groceries,Failed
521,2025-06-04,3911.96,BRL,Clothing,Completed
522,2025-06-05,713.36,EUR,Entertainment,Pending
523,2025-06-06,9548.72,USD,Groceries,Completed
524,2025-06-07,7631.78,USD,Electronics,Failed
525,2025-06-08,7574.93,EUR,Entertainment,Failed
526,2025-06-09,2030.4,EUR,Clothing,Completed
527,2025-06-10,1222.29,USD,Entertainment,Pending
528,2025-06-11,-898.89,BRL,Groceries,Pending
529,2025-06-12,-4154.37,USD,Clothing,Failed
530,2025-06-13,7970.84,EUR,Electronics,Completed
531,2025-06-14,7193.52,USD,Clothing,Pending
532,2025-06-15,9995.77,EUR,Clothing,Pending
533,2025-06-16,9949.55,EUR,Rent,Failed
534,2025-06-17,3331.48,BRL,Clothing,Pending
535,2025-06-18,6534.81,EUR,Clothing,Completed
536,2025-06-19,9171.49,EUR,Entertainment,Failed
537,2025-06-20,7744.71,BRL,Electronics,Failed
538,2025-06-21,-1289.78,EUR,Entertainment,Completed
539,2025-06-22,1758.16,BRL,Entertainment,Failed
540,2025-06-23,-3062.61,BRL,Groceries,Pending
541,2025-06-24,9310.77,EUR,Entertainment,Pending
542,2025-06-25,4092.62,EUR,Rent,Completed
543,2025-06-26,-1570.36,USD,Rent,Pending
544,2025-06-27,5075.51,BRL,Groceries,Completed
545,2025-06-28,4271.92,USD,Electronics,Completed
546,2025-06-29,372.44,EUR,Electronics,Pending
547,2025-06-30,-3296.64,USD,Entertainment,Completed
548,2025-07-01,5073.6,BRL,Entertainment,Pending
549,2025-07-02,2804.62,USD,Entertainment,Failed
550,2025-07-03,6584.78,BRL,Electronics,Failed
551,2025-07-04,2802.45,EUR,Clothing,Completed
552,2025-07-05,7782.72,EUR,Rent,Pending
553,2025-07-06,3278.6,BRL,Clothing,Pending
554,2025-07-07,3414.07,EUR,Clothing,Failed
555,2025-07-08,8149.8,EUR,Electronics,Failed
556,2025-07-09,1052.24,EUR,Clothing,Pending
557,2025-07-10,-2989.77,EUR,Groceries,Completed
558,2025-07-11,-4568.26,BRL,Entertainment,Failed
559,2025-07-12,6327.06,USD,Groceries,Completed
560,2025-07-13,4304.64,USD,Rent,Completed
561,2025-07-14,5561.2,EUR,Entertainment,Failed
562,2025-07-15,-1805.54,USD,Clothing,Completed
563,2025-07-16,-2954.43,USD,Rent,Completed
564,2025-07-17,-4781.83,EUR,Entertainment,Pending
565,2025-07-18,258.81,EUR,Clothing,Completed
566,2025-07-19,3848.77,USD,Groceries,Pending
567,2025-07-20,883.66,BRL,Entertainment,Failed
568,2025-07-21,1562.12,EUR,Clothing,Failed
569,2025-07-22,8562.38,BRL,Groceries,Pending
570,2025-07-23,223.83,USD,Rent,Failed
571,2025-07-24,2709.84,EUR,Rent,Completed
572,2025-07-25,6754.8,BRL,Rent,Completed
573,2025-07-26,948.14,EUR,Rent,Completed
574,2025-07-27,4331.3,USD,Electronics,Failed
575,2025-07-28,7935.46,BRL,Entertainment,Completed
576,2025-07-29,9242.81,USD,Entertainment,Failed
577,2025-07-30,-2793.9,USD,Electronics,Completed
578,2025-07-31,8898.81,EUR,Clothing,Pending
579,2025-08-01,2381.74,BRL,Clothing,Failed
580,2025-08-02,-1126.33,USD,Rent,Failed
581,2025-08-03,1887.04,USD,Groceries,Completed
582,2025-08-04,9700.49,BRL,Clothing,Failed
583,2025-08-05,2389.27,USD,Groceries,Failed
584,2025-08-06,-68.73,USD,Entertainment,Pending
585,2025-08-07,4501.01,BRL,Groceries,Pending
586,2025-08-08,-1397.82,BRL,Entertainment,Completed
587,2025-08-09,-3862.05,BRL,Electronics,Pending
588,2025-08-10,-3066.8,BRL,Electronics,Completed
589,2025-08-11,-3079.31,EUR,Rent,Completed
590,2025-08-12,-2721.46,BRL,Clothing,Completed
591,2025-08-13,-2917.59,EUR,Rent,Failed
592,2025-08-14,4613.12,EUR,Entertainment,Pending
593,2025-08-15,-2271.8,EUR,Rent,Completed
594,2025-08-16,185.01,USD,Groceries,Pending
595,2025-08-17,8451.83,EUR,Entertainment,Completed
596,2025-08-18,2109.42,EUR,Electronics,Pending
597,2025-08-19,5013.37,USD,Clothing,Pending
598,2025-08-20,-2415.2,USD,Entertainment,Completed
599,2025-08-21,-2115.66,USD,Entertainment,Failed
600,2025-08-22,-4386.97,BRL,Groceries,Pending
601,2025-08-23,-2465.97,USD,Clothing,Failed
602,2025-08-24,-821.14,USD,Electronics,Failed
603,2025-08-25,-2344.84,EUR,Entertainment,Completed
604,2025-08-26,-3669.46,USD,Entertainment,Completed
605,2025-08-27,-3190.46,BRL,Groceries,Completed
606,2025-08-28,1911.68,USD,Rent,Pending
607,2025-08-29,-1904.99,BRL,Electronics,Completed
608,2025-08-30,464.05,USD,Clothing,Completed
609,2025-08-31,2551.26,USD,Entertainment,Pending
610,2025-09-01,5355.92,USD,Entertainment,Pending
611,2025-09-02,-4410.32,USD,Electronics,Completed
612,2025-09-03,6991.16,BRL,Rent,Completed
613,2025-09-04,4418.51,BRL,Entertainment,Completed
614,2025-09-05,-3773.61,EUR,Electronics,Completed
615,2025-09-06,8103.68,BRL,Groceries,Failed
616,2025-09-07,8813.09,USD,Rent,Failed
617,2025-09-08,-4083.83,EUR,Clothing,Completed
618,2025-09-09,-846.84,EUR,Entertainment,Failed
619,2025-09-10,7093.02,EUR,Electronics,Pending
620,2025-09-11,6223.9,USD,Groceries,Failed
621,2025-09-12,-2232.18,BRL,Clothing,Failed
622,2025-09-13,-1859.76,USD,Electronics,Completed
623,2025-09-14,557.08,EUR,Electronics,Failed
624,2025-09-15,2267.84,USD,Clothing,Failed
625,2025-09-16,4273.82,USD,Groceries,Failed
626,2025-09-17,533.7,BRL,Groceries,Failed
627,2025-09-18,1938.02,BRL,Rent,Pending
628,2025-09-19,6212.06,EUR,Entertainment,Completed
629,2025-09-20,-4449.75,USD,Clothing,Completed
630,2025-09-21,-1213.45,USD,Clothing,Pending
631,2025-09-22,5700.24,BRL,Clothing,Failed
632,2025-09-23,8428.1,USD,Groceries,Pending
633,2025-09-24,2675.16,USD,Entertainment,Failed
634,2025-09-25,2981.7,USD,Rent,Pending
635,2025-09-26,-3392.42,BRL,Electronics,Completed
636,2025-09-27,1711.19,EUR,Electronics,Completed
637,2025-09-28,2989.26,EUR,Clothing,Completed
638,2025-09-29,-1362.94,USD,Entertainment,Failed
639,2025-09-30,-961.35,EUR,Groceries,Failed
640,2025-10-01,659.26,BRL,Entertainment,Pending
641,2025-10-02,-4698.93,BRL,Entertainment,Pending
642,2025-10-03,-168.81,EUR,Groceries,Completed
643,2025-10-04,-1828.28,EUR,Clothing,Failed
644,2025-10-05,-87.54,USD,Entertainment,Pending
645,2025-10-06,-3203.57,EUR,Electronics,Failed
646,2025-10-07,8357.91,USD,Groceries,Failed
647,2025-10-08,3903.89,USD,Rent,Completed
648,2025-10-09,5186.53,BRL,Clothing,Completed
649,2025-10-10,6837.57,BRL,Groceries,Failed
650,2025-10-11,2476.63,BRL,Rent,Failed
651,2025-10-12,-3696.2,BRL,Rent,Failed
652,2025-10-13,3056.6,EUR,Entertainment,Failed
653,2025-10-14,3802.62,BRL,Entertainment,Completed
654,2025-10-15,6181.59,EUR,Entertainment,Pending
655,2025-10-16,1474.89,BRL,Groceries,Completed
656,2025-10-17,-3086.3,EUR,Groceries,Pending
657,2025-10-18,-743.36,USD,Clothing,Failed
658,2025-10-19,446.23,EUR,Entertainment,Pending
659,2025-10-20,4688.76,EUR,Rent,Completed
660,2025-10-21,3561.67,BRL,Electronics,Completed
661,2025-10-22,341.45,EUR,Clothing,Failed
662,2025-10-23,9797.73,USD,Groceries,Completed
663,2025-10-24,4086.62,USD,Clothing,Failed
664,2025-10-25,-1441.6,BRL,Clothing,Completed
665,2025-10-26,-3473.26,USD,Clothing,Completed
666,2025-10-27,-2707.11,EUR,Clothing,Failed
667,2025-10-28,-1310.63,USD,Electronics,Pending
668,2025-10-29,-2589.78,BRL,Entertainment,Completed
669,2025-10-30,-2201.49,EUR,Rent,Pending
670,2025-10-31,-723.57,BRL,Clothing,Completed
671,2025-11-01,-2399.4,EUR,Clothing,Completed
672,2025-11-02,8451.48,USD,Clothing,Completed
673,2025-11-03,-3796.49,BRL,Entertainment,Completed
674,2025-11-04,2867.67,BRL,Groceries,Pending
675,2025-11-05,1155.95,EUR,Groceries,Pending
676,2025-11-06,9735.68,BRL,Electronics,Completed
677,2025-11-07,-3319.42,EUR,Groceries,Completed
678,2025-11-08,967.83,EUR,Clothing,Pending
679,2025-11-09,9542.06,EUR,Clothing,Failed
680,2025-11-10,7982.61,EUR,Clothing,Failed
681,2025-11-11,7256.08,USD,Electronics,Pending
682,2025-11-12,-1131.46,EUR,Clothing,Completed
683,2025-11-13,-2436.69,BRL,Groceries,Completed
684,2025-11-14,5029.65,USD,Entertainment,Failed
685,2025-11-15,8940.64,BRL,Entertainment,Failed
686,2025-11-16,3351.44,USD,Rent,Pending
687,2025-11-17,3574.19,EUR,Groceries,Failed
688,2025-11-18,-800.31,USD,Clothing,Pending
689,2025-11-19,6542.39,USD,Entertainment,Failed
690,2025-11-20,-2194.34,BRL,Groceries,Failed
691,2025-11-21,-144.81,BRL,Entertainment,Failed
692,2025-11-22,1381.55,EUR,Clothing,Completed
693,2025-11-23,2614.16,USD,Entertainment,Completed
694,2025-11-24,-1363.85,USD,Rent,Completed
695,2025-11-25,-3277.45,USD,Rent,Failed
696,2025-11-26,4159.3,EUR,Entertainment,Pending
697,2025-11-27,-670.54,EUR,Groceries,Pending
698,2025-11-28,3718.57,EUR,Groceries,Pending
699,2025-11-29,-2684.56,EUR,Groceries,Pending
700,2025-11-30,2217.1,EUR,Entertainment,Completed
701,2025-12-01,2988.84,BRL,Groceries,Completed
702,2025-12-02,-4222.65,USD,Clothing,Failed
703,2025-12-03,49.06,USD,Rent,Failed
704,2025-12-04,-2983.78,USD,Clothing,Pending
705,2025-12-05,-4049.38,USD,Groceries,Completed
706,2025-12-06,9849.4,USD,Clothing,Pending
707,2025-12-07,-164.69,USD,Groceries,Failed
708,2025-12-08,7148.12,USD,Entertainment,Failed
709,2025-12-09,-1180.39,USD,Clothing,Pending
710,2025-12-10,5222.54,BRL,Entertainment,Failed
711,2025-12-11,6403.42,USD,Entertainment,Pending
712,2025-12-12,3934.58,BRL,Electronics,Completed
713,2025-12-13,2073.64,EUR,Groceries,Pending
714,2025-12-14,1177.61,USD,Rent,Completed
715,2025-12-15,233.02,EUR,Groceries,Completed
716,2025-12-16,8942.94,EUR,Rent,Failed
717,2025-12-17,7459.29,EUR,Groceries,Failed
718,2025-12-18,9475.4,BRL,Entertainment,Failed
719,2025-12-19,-3135.54,EUR,Clothing,Pending
720,2025-12-20,5963.01,EUR,Clothing,Pending
721,2025-12-21,9075.11,EUR,Electronics,Failed
722,2025-12-22,-2281.5,USD,Rent,Pending
723,2025-12-23,-4002.56,USD,Rent,Failed
724,2025-12-24,6116.81,BRL,Rent,Pending
725,2025-12-25,3617.1,BRL,Entertainment,Completed
726,2025-12-26,7627.43,USD,Rent,Completed
727,2025-12-27,-2903.41,BRL,Clothing,Failed
728,2025-12-28,6929.01,USD,Entertainment,Pending
729,2025-12-29,-1975.59,EUR,Groceries,Pending
730,2025-12-30,-2545.16,EUR,Rent,Completed
731,2025-12-31,-2536.01,BRL,Rent,Completed
732,2026-01-01,7218.62,USD,Groceries,Failed
733,2026-01-02,4977.96,USD,Rent,Completed
734,2026-01-03,2845.98,BRL,Groceries,Failed
735,2026-01-04,382.46,USD,Entertainment,Completed
736,2026-01-05,8158.01,EUR,Clothing,Completed
737,2026-01-06,886.68,BRL,Groceries,Pending
738,2026-01-07,7248.99,BRL,Electronics,Completed
739,2026-01-08,1587.02,USD,Groceries,Completed
740,2026-01-09,654.17,BRL,Rent,Failed
741,2026-01-10,1940.2,USD,Entertainment,Completed
742,2026-01-11,-479.33,USD,Entertainment,Failed
743,2026-01-12,6214.14,USD,Groceries,Completed
744,2026-01-13,2540.81,USD,Clothing,Completed
745,2026-01-14,-1516.81,USD,Electronics,Failed
746,2026-01-15,8493.62,BRL,Entertainment,Pending
747,2026-01-16,758.37,EUR,Rent,Failed
748,2026-01-17,3153.29,EUR,Rent,Failed
749,2026-01-18,8597.08,BRL,Clothing,Failed
750,2026-01-19,4363.57,BRL,Entertainment,Pending
751,2026-01-20,-3246.53,EUR,Groceries,Completed
752,2026-01-21,9097.48,EUR,Rent,Failed
753,2026-01-22,4415.62,EUR,Clothing,Failed
754,2026-01-23,23.58,EUR,Entertainment,Pending
755,2026-01-24,-2910.92,EUR,Entertainment,Failed
756,2026-01-25,6910.38,USD,Entertainment,Completed
757,2026-01-26,4301.09,BRL,Entertainment,Pending
758,2026-01-27,3001.92,USD,Entertainment,Completed
759,2026-01-28,8408.39,EUR,Rent,Completed
760,2026-01-29,6828.96,EUR,Clothing,Pending
761,2026-01-30,-2724.88,EUR,Entertainment,Failed
762,2026-01-31,-324.17,USD,Electronics,Completed
763,2026-02-01,-1272.66,USD,Electronics,Completed
764,2026-02-02,6159.19,EUR,Clothing,Completed
765,2026-02-03,-4497.01,USD,Groceries,Completed
766,2026-02-04,3548.35,USD,Groceries,Pending
767,2026-02-05,6436.88,EUR,Groceries,Pending
768,2026-02-06,8151.48,USD,Electronics,Completed
769,2026-02-07,131.23,BRL,Groceries,Failed
770,2026-02-08,7318.86,BRL,Rent,Completed
771,2026-02-09,-3340.52,BRL,Entertainment,Failed
772,2026-02-10,7696.78,BRL,Electronics,Completed
773,2026-02-11,-3087.67,EUR,Clothing,Failed
774,2026-02-12,959.31,EUR,Clothing,Completed
775,2026-02-13,6959.43,EUR,Entertainment,Failed
776,2026-02-14,-2751.24,BRL,Electronics,Completed
777,2026-02-15,-1561.23,BRL,Groceries,Completed
778,2026-02-16,5833.79,USD,Groceries,Failed
779,2026-02-17,5800.55,USD,Rent,Pending
780,2026-02-18,4617.21,BRL,Rent,Failed
781,2026-02-19,5409.23,BRL,Groceries,Pending
782,2026-02-20,3140.87,BRL,Clothing,Completed
783,2026-02-21,-1223.01,BRL,Clothing,Failed
784,2026-02-22,185.44,USD,Rent,Failed
785,2026-02-23,-2276.03,BRL,Entertainment,Failed
786,2026-02-24,8626.76,USD,Groceries,Pending
787,2026-02-25,3750.88,BRL,Rent,Pending
788,2026-02-26,1012.77,BRL,Rent,Completed
789,2026-02-27,1930.09,BRL,Groceries,Pending
790,2026-02-28,9209.25,USD,Groceries,Pending
791,2026-03-01,-2699.73,USD,Clothing,Completed
792,2026-03-02,3793.45,EUR,Entertainment,Failed
793,2026-03-03,2588.33,BRL,Entertainment,Failed
794,2026-03-04,4171.81,EUR,Groceries,Completed
795,2026-03-05,-4728.35,EUR,Electronics,Failed
796,2026-03-06,8081.86,USD,Rent,Pending
797,2026-03-07,8981.77,USD,Rent,Completed
798,2026-03-08,3477.0,EUR,Groceries,Completed
799,2026-03-09,5449.76,BRL,Electronics,Completed
800,2026-03-10,8837.49,USD,Clothing,Failed
801,2026-03-11,5608.58,BRL,Groceries,Completed
802,2026-03-12,-2711.91,BRL,Groceries,Completed
803,2026-03-13,3644.33,EUR,Rent,Completed
804,2026-03-14,4100.73,EUR,Groceries,Failed
805,2026-03-15,1361.96,EUR,Groceries,Pending
806,2026-03-16,6046.66,EUR,Groceries,Completed
807,2026-03-17,9015.51,USD,Rent,Pending
808,2026-03-18,8883.53,USD,Clothing,Failed
809,2026-03-19,1762.59,EUR,Clothing,Failed
810,2026-03-20,-3301.43,USD,Groceries,Failed
811,2026-03-21,9772.62,EUR,Rent,Failed
812,2026-03-22,7583.47,BRL,Clothing,Pending
813,2026-03-23,-3130.06,BRL,Clothing,Completed
814,2026-03-24,8812.63,BRL,Clothing,Failed
815,2026-03-25,8048.45,EUR,Rent,Failed
816,2026-03-26,2782.57,BRL,Rent,Pending
817,2026-03-27,3869.13,USD,Groceries,Pending
818,2026-03-28,985.04,BRL,Entertainment,Failed
819,2026-03-29,-4178.58,BRL,Clothing,Completed
820,2026-03-30,27.96,BRL,Entertainment,Completed
821,2026-03-31,7042.8,USD,Rent,Failed
822,2026-04-01,-4930.52,EUR,Rent,Pending
823,2026-04-02,2.49,USD,Rent,Failed
824,2026-04-03,972.53,EUR,Entertainment,Failed
825,2026-04-04,3060.93,EUR,Rent,Pending
826,2026-04-05,8797.83,BRL,Groceries,Failed
827,2026-04-06,195.19,EUR,Rent,Failed
828,2026-04-07,204.3,USD,Electronics,Failed
829,2026-04-08,6062.52,USD,Entertainment,Pending
830,2026-04-09,1783.27,EUR,Electronics,Completed
831,2026-04-10,-1630.93,BRL,Rent,Completed
832,2026-04-11,1786.59,BRL,Groceries,Pending
833,2026-04-12,-2887.14,USD,Clothing,Completed
834,2026-04-13,-2354.2,BRL,Rent,Failed
835,2026-04-14,2475.52,EUR,Groceries,Completed
836,2026-04-15,1283.88,EUR,Entertainment,Failed
837,2026-04-16,8722.69,USD,Electronics,Completed
838,2026-04-17,435.91,EUR,Electronics,Pending
839,2026-04-18,3708.83,USD,Electronics,Completed
840,2026-04-19,4483.96,EUR,Entertainment,Completed
841,2026-04-20,-4803.58,USD,Groceries,Completed
842,2026-04-21,4953.06,BRL,Entertainment,Pending
843,2026-04-22,-2329.46,EUR,Electronics,Completed
844,2026-04-23,9416.05,EUR,Rent,Pending
845,2026-04-24,-2770.06,USD,Clothing,Failed
846,2026-04-25,1219.36,USD,Entertainment,Completed
847,2026-04-26,-3719.75,EUR,Entertainment,Pending
848,2026-04-27,9953.11,USD,Groceries,Pending
849,2026-04-28,2532.93,EUR,Groceries,Completed
850,2026-04-29,3930.78,BRL,Entertainment,Failed
851,2026-04-30,-3993.85,USD,Electronics,Pending
852,2026-05-01,6249.41,EUR,Clothing,Completed
853,2026-05-02,-1851.42,BRL,Groceries,Failed
854,2026-05-03,8470.81,BRL,Electronics,Pending
855,2026-05-04,-1922.91,EUR,Rent,Pending
856,2026-05-05,-2139.68,USD,Groceries,Failed
857,2026-05-06,-4451.75,EUR,Electronics,Failed
858,2026-05-07,2081.0,BRL,Electronics,Completed
859,2026-05-08,3472.62,EUR,Clothing,Completed
860,2026-05-09,-4014.37,USD,Clothing,Pending
861,2026-05-10,6632.91,BRL,Rent,Failed
862,2026-05-11,1799.33,EUR,Electronics,Failed
863,2026-05-12,2865.85,USD,Electronics,Failed
864,2026-05-13,1611.44,BRL,Clothing,Pending
865,2026-05-14,1011.45,USD,Groceries,Failed
866,2026-05-15,3394.6,BRL,Groceries,Failed
867,2026-05-16,-2671.4,EUR,Entertainment,Pending
868,2026-05-17,-2271.08,USD,Clothing,Completed
869,2026-05-18,7926.78,BRL,Entertainment,Completed
870,2026-05-19,9191.73,USD,Clothing,Pending
871,2026-05-20,599.64,USD,Rent,Failed
872,2026-05-21,-938.83,EUR,Electronics,Pending
873,2026-05-22,4659.99,USD,Rent,Completed
874,2026-05-23,1131.01,BRL,Clothing,Completed
875,2026-05-24,-4619.2,BRL,Electronics,Pending
876,2026-05-25,-2657.71,BRL,Groceries,Pending
877,2026-05-26,5739.58,BRL,Groceries,Completed
878,2026-05-27,4883.86,EUR,Entertainment,Pending
879,2026-05-28,-4593.56,USD,Clothing,Completed
880,2026-05-29,-1670.42,EUR,Clothing,Pending
881,2026-05-30,-1533.88,USD,Groceries,Pending
882,2026-05-31,5078.39,USD,Rent,Pending
883,2026-06-01,-4704.34,USD,Electronics,Completed
884,2026-06-02,-3438.37,EUR,Rent,Pending
885,2026-06-03,6998.74,USD,Rent,Completed
886,2026-06-04,-2321.83,EUR,Groceries,Completed
887,2026-06-05,4791.19,BRL,Groceries,Pending
888,2026-06-06,-1427.26,BRL,Groceries,Pending
889,2026-06-07,-3508.38,USD,Entertainment,Completed
890,2026-06-08,-1352.42,EUR,Rent,Completed
891,2026-06-09,5834.0,BRL,Clothing,Failed
892,2026-06-10,7835.45,EUR,Electronics,Completed
893,2026-06-11,7453.3,EUR,Entertainment,Failed
894,2026-06-12,957.75,USD,Clothing,Failed
895,2026-06-13,5021.28,BRL,Rent,Failed
896,2026-06-14,-1925.24,USD,Groceries,Pending
897,2026-06-15,-602.78,USD,Rent,Pending
898,2026-06-16,8445.04,BRL,Electronics,Completed
899,2026-06-17,-4804.97,BRL,Entertainment,Failed
900,2026-06-18,-3717.37,EUR,Entertainment,Pending
901,2026-06-19,-1881.71,BRL,Electronics,Pending
902,2026-06-20,-4602.02,EUR,Clothing,Pending
903,2026-06-21,-2278.47,EUR,Clothing,Pending
904,2026-06-22,3745.62,EUR,Entertainment,Pending
905,2026-06-23,1321.37,BRL,Entertainment,Failed
906,2026-06-24,8390.08,USD,Groceries,Failed
907,2026-06-25,7261.65,EUR,Clothing,Failed
908,2026-06-26,127.26,USD,Electronics,Failed
909,2026-06-27,-1108.65,USD,Clothing,Completed
910,2026-06-28,695.39,BRL,Groceries,Failed
911,2026-06-29,3854.42,USD,Entertainment,Pending
912,2026-06-30,-979.05,USD,Entertainment,Failed
913,2026-07-01,4362.23,BRL,Groceries,Completed
914,2026-07-02,1141.17,EUR,Electronics,Pending
915,2026-07-03,3280.71,USD,Entertainment,Failed
916,2026-07-04,1541.9,BRL,Rent,Failed
917,2026-07-05,-583.01,USD,Entertainment,Failed
918,2026-07-06,9226.8,USD,Rent,Pending
919,2026-07-07,6454.09,EUR,Groceries,Pending
920,2026-07-08,-2898.3,USD,Groceries,Completed
921,2026-07-09,8027.02,BRL,Entertainment,Pending
922,2026-07-10,2311.47,USD,Clothing,Pending
923,2026-07-11,8418.28,EUR,Rent,Failed
924,2026-07-12,6997.83,EUR,Electronics,Pending
925,2026-07-13,1378.2,BRL,Entertainment,Failed
926,2026-07-14,-4662.96,EUR,Electronics,Failed
927,2026-07-15,-969.84,USD,Entertainment,Pending
928,2026-07-16,3124.51,EUR,Clothing,Completed
929,2026-07-17,4502.17,BRL,Clothing,Completed
930,2026-07-18,-1131.68,EUR,Clothing,Pending
931,2026-07-19,-2909.66,EUR,Clothing,Completed
932,2026-07-20,7523.95,EUR,Groceries,Failed
933,2026-07-21,9766.03,BRL,Groceries,Failed
934,2026-07-22,2885.35,EUR,Rent,Pending
935,2026-07-23,-2424.81,EUR,Electronics,Completed
936,2026-07-24,-915.39,USD,Entertainment,Completed
937,2026-07-25,-4724.14,BRL,Entertainment,Failed
938,2026-07-26,8714.48,EUR,Groceries,Pending
939,2026-07-27,-3233.73,BRL,Entertainment,Completed
940,2026-07-28,3647.75,EUR,Groceries,Pending
941,2026-07-29,-889.17,EUR,Rent,Completed
942,2026-07-30,3312.67,EUR,Electronics,Failed
943,2026-07-31,4771.31,USD,Rent,Failed
944,2026-08-01,7446.13,USD,Clothing,Pending
945,2026-08-02,-1903.68,USD,Clothing,Failed
946,2026-08-03,-4835.06,BRL,Clothing,Completed
947,2026-08-04,-2946.72,BRL,Rent,Failed
948,2026-08-05,8500.28,USD,Entertainment,Pending
949,2026-08-06,8108.35,BRL,Electronics,Pending
950,2026-08-07,3961.2,EUR,Clothing,Pending
951,2026-08-08,4007.75,EUR,Clothing,Completed
952,2026-08-09,4975.55,EUR,Clothing,Completed
953,2026-08-10,-2369.43,USD,Electronics,Completed
954,2026-08-11,8716.18,BRL,Clothing,Completed
955,2026-08-12,1281.56,USD,Electronics,Completed
956,2026-08-13,747.08,BRL,Clothing,Failed
957,2026-08-14,2783.77,EUR,Rent,Completed
958,2026-08-15,-4295.51,USD,Rent,Completed
959,2026-08-16,-2505.75,BRL,Electronics,Failed
960,2026-08-17,6070.5,BRL,Rent,Completed
961,2026-08-18,-3758.02,EUR,Electronics,Pending
962,2026-08-19,4047.28,USD,Rent,Completed
963,2026-08-20,-1319.76,USD,Rent,Completed
964,2026-08-21,839.43,USD,Electronics,Pending
965,2026-08-22,-669.59,EUR,Entertainment,Pending
966,2026-08-23,335.09,USD,Rent,Pending
967,2026-08-24,5785.69,EUR,Clothing,Pending
968,2026-08-25,-543.17,EUR,Entertainment,Completed
969,2026-08-26,3496.07,EUR,Electronics,Pending
970,2026-08-27,2140.76,BRL,Entertainment,Pending
971,2026-08-28,4955.07,USD,Groceries,Failed
972,2026-08-29,9052.45,USD,Groceries,Pending
973,2026-08-30,5988.58,EUR,Rent,Pending
974,2026-08-31,-1775.89,EUR,Rent,Failed
975,2026-09-01,-4532.25,USD,Clothing,Failed
976,2026-09-02,-1066.04,EUR,Entertainment,Completed
977,2026-09-03,3926.17,USD,Groceries,Failed
978,2026-09-04,-4228.61,BRL,Rent,Completed
979,2026-09-05,2445.49,EUR,Entertainment,Failed
980,2026-09-06,3952.64,USD,Rent,Failed
981,2026-09-07,13.66,EUR,Rent,Completed
982,2026-09-08,6563.68,USD,Groceries,Failed
983,2026-09-09,-3401.03,USD,Groceries,Completed
984,2026-09-10,-3872.93,EUR,Rent,Failed
985,2026-09-11,5922.83,BRL,Electronics,Pending
986,2026-09-12,2432.37,USD,Rent,Failed
987,2026-09-13,5326.04,USD,Rent,Completed
988,2026-09-14,1522.41,USD,Clothing,Failed
989,2026-09-15,-1303.97,BRL,Clothing,Completed
990,2026-09-16,7286.53,BRL,Clothing,Completed
991,2026-09-17,6991.24,EUR,Electronics,Pending
992,2026-09-18,5420.45,BRL,Electronics,Pending
993,2026-09-19,-917.82,EUR,Rent,Completed
994,2026-09-20,3853.46,EUR,Clothing,Failed
995,2026-09-21,414.61,BRL,Electronics,Completed
996,2026-09-22,-3626.27,EUR,Groceries,Completed
997,2026-09-23,8759.7,BRL,Rent,Failed
998,2026-09-24,-2947.72,EUR,Entertainment,Failed
999,2026-09-25,9253.56,BRL,Rent,Failed
1000,2026-09-26,1690.09,BRL,Entertainment,Failed
